venue,date,time,interested,sold_out,title,desc,url
"Christ Church St Laurence, Sydney",Mon 19 January,10:00am,No,No,Tuned Up!,"Join us for Tuned Up!, a week-long immersive professional learning experience designed to equip primary teachers with the knowledge, tools and confidence to deliver high-quality music education in their classrooms. Tuned Up! is built around direct engagement with the Sydney Symphony Orchestra and aims to foster meaningful connections between teachers and the world of professional music-making.",https://www.sydneysymphony.com/concerts/tuned-up-2026
"Christ Church St Laurence, Sydney",Tue 20 January,10:00am,No,No,Tuned Up!,"Join us for Tuned Up!, a week-long immersive professional learning experience designed to equip primary teachers with the knowledge, tools and confidence to deliver high-quality music education in their classrooms. Tuned Up! is built around direct engagement with the Sydney Symphony Orchestra and aims to foster meaningful connections between teachers and the world of professional music-making.",https://www.sydneysymphony.com/concerts/tuned-up-2026
"Christ Church St Laurence, Sydney",Wed 21 January,10:00am,No,No,Tuned Up!,"Join us for Tuned Up!, a week-long immersive professional learning experience designed to equip primary teachers with the knowledge, tools and confidence to deliver high-quality music education in their classrooms. Tuned Up! is built around direct engagement with the Sydney Symphony Orchestra and aims to foster meaningful connections between teachers and the world of professional music-making.",https://www.sydneysymphony.com/concerts/tuned-up-2026
"Christ Church St Laurence, Sydney",Thu 22 January,10:00am,No,No,Tuned Up!,"Join us for Tuned Up!, a week-long immersive professional learning experience designed to equip primary teachers with the knowledge, tools and confidence to deliver high-quality music education in their classrooms. Tuned Up! is built around direct engagement with the Sydney Symphony Orchestra and aims to foster meaningful connections between teachers and the world of professional music-making.",https://www.sydneysymphony.com/concerts/tuned-up-2026
Hordern Pavilion,Thu 22 January,7:00pm,No,No,Disco Never Dies,"Join us in a boogie wonderland as we play that funky music, in this high-energy celebration of all things sequins, mirrorballs and iconic fashions. Relive the glory days of disco as the biggest hits of this incredible era are brought to life by the full power of the Sydney Symphony Orchestra and some of Australia’s best vocal talent.",https://www.sydneysymphony.com/concerts/disco-never-dies-2026
"Christ Church St Laurence, Sydney",Fri 23 January,10:00am,No,No,Tuned Up!,"Join us for Tuned Up!, a week-long immersive professional learning experience designed to equip primary teachers with the knowledge, tools and confidence to deliver high-quality music education in their classrooms. Tuned Up! is built around direct engagement with the Sydney Symphony Orchestra and aims to foster meaningful connections between teachers and the world of professional music-making.",https://www.sydneysymphony.com/concerts/tuned-up-2026
"Utzon Room, Sydney Opera House",Fri 30 January,6:00pm,No,No,Cocktail Hour with Rosemary Curtin,"Mozart’s music is like Shakespeare’s words: often borrowed and adapted, but never losing its magic. Viola player Rosemary Curtin has chosen a program of Mozart’s work adapted by later composers, the centrepiece an arrangement of his Sinfonia Concertante, K364 for just six instruments. In this lean and spirited version, the joy and brilliance of Mozart’s original shines ever brighter.",https://www.sydneysymphony.com/concerts/cocktail-hour-with-rosemary-curtin
State Theatre,Fri 30 January,7:30pm,No,No,The Whitlams,"The Whitlams first performed with an orchestra in 2004, and over the ensuing 20 years their symphonic show has grown and developed as the band have written and released new albums. Now this quintessential Sydney band reunite with the Sydney Symphony for two unforgettable performances at the State Theatre.",https://www.sydneysymphony.com/concerts/the-whitlams-with-sydney-symphony-orchestra
"Utzon Room, Sydney Opera House",Sat 31 January,6:00pm,No,No,Cocktail Hour with Rosemary Curtin,"Mozart’s music is like Shakespeare’s words: often borrowed and adapted, but never losing its magic. Viola player Rosemary Curtin has chosen a program of Mozart’s work adapted by later composers, the centrepiece an arrangement of his Sinfonia Concertante, K364 for just six instruments. In this lean and spirited version, the joy and brilliance of Mozart’s original shines ever brighter.",https://www.sydneysymphony.com/concerts/cocktail-hour-with-rosemary-curtin
State Theatre,Sat 31 January,7:30pm,No,No,The Whitlams,"The Whitlams first performed with an orchestra in 2004, and over the ensuing 20 years their symphonic show has grown and developed as the band have written and released new albums. Now this quintessential Sydney band reunite with the Sydney Symphony for two unforgettable performances at the State Theatre.",https://www.sydneysymphony.com/concerts/the-whitlams-with-sydney-symphony-orchestra
ICC Sydney Theatre,Sat 07 February,7:00pm,No,No,The Music of John Williams – Episode II,"Led by conductor Nicholas Buc, experience John Williams’ back catalogue like never before, with Art of the Score’s trademark deep dive into these iconic musical moments. Sit in comfort at ICC Sydney Theatre and feel the force of arena-sized sound. Get up close to the Orchestra via state-of-the-art cameras, capturing the performance in crystal-clear high definition and projected on the big screen.",https://www.sydneysymphony.com/concerts/music-of-john-williams-episode-2
Sydney Town Hall,Fri 13 February,12:30pm,No,No,Lunchtime Classics with the Sydney Symphony,"For Friday the 13th we have put together a program of classical music’s most hair-raising, spine-tingling masterpieces. The Sydney Town Hall Organ roars to terrifying life in Bach’s Toccata and Fugue – dark, dramatic and instantly recognisable. And Dukas’ Sorcerer’s Apprentice is musical mischief in motion, tiptoeing winds, glinting glockenspiel and sudden brass jolts.",https://www.sydneysymphony.com/concerts/lunchtime-classics-2026
Sydney Town Hall,Fri 13 February,7:00pm,No,No,Spooky Classics with the Sydney Symphony,"This concert dives into the most iconic and hair-raising orchestral works ever written. Feel the swirling dread of Mussorgsky’s Night on Bald Mountain and recoil from the stabbing strings of Psycho. The tension is palpable in Prokofiev’s Romeo and Juliet and John Williams’ Jaws, and it explodes in the ghoulish frenzy of Berlioz’s Dream of a Witches’ Sabbath.",https://www.sydneysymphony.com/concerts/spooky-classics-2026
Sydney Town Hall,Sat 14 February,10:30am,No,No,Relaxed Classics with the Sydney Symphony,"Experience the magic of a live symphony orchestra performing some of the most beautiful music ever written, in a laid-back concert environment open to all. With the freedom to move around and reduced lighting, this concert is specially designed for those who are after a relaxed approach to the traditional concert experience, including families.",https://www.sydneysymphony.com/concerts/relaxed-classics-2026
Sydney Town Hall,Sat 14 February,7:00pm,No,No,Romantic Classics with the Sydney Symphony,"Some love stories roll through like a storm, rattling windows and soaking the earth. Others glow like embers in a hearth, or stand steadfast as an oak. To honour the many ways love moves us, conductor James Judd will lead the Sydney Symphony in a very special Valentine’s Day concert embracing the most romantic music ever written.",https://www.sydneysymphony.com/concerts/romantic-classics-2026
St James' King St,Sat 21 February,5:00pm,No,No,Meet the Fellows,"Meet our 2026 Fellows at their first public performance, featuring an engaging and eclectic range of music for small ensemble. For almost 25 years, the Sydney Symphony has nurtured the next generation of professional orchestral musicians through a comprehensive, hands-on learning experience.",https://www.sydneysymphony.com/concerts/meet-the-2026-fellows
"Concert Hall, Sydney Opera House",Mon 23 February,7:00pm,No,No,Jean-Yves Thibaudet in Recital,"In a career spanning five decades, French pianist Jean-Yves Thibaudet has earned a reputation as one of the world’s finest musicians. Seamlessly crossing barriers between musical genres and artforms, his performances of jazz, opera and more have led to collaborations in film, fashion and visual art.",https://www.sydneysymphony.com/concerts/jean-yves-thibaudet-recital
"Concert Hall, Sydney Opera House",Wed 25 February,8:00pm,No,No,Simone Young conducts Mahler’s Song of the Earth,"Mahler’s The Song of the Earth ends with an extraordinary fade out, as a contralto sings ‘everywhere, forever...forever and ever.’ It captures beautifully the way music lives around us and in our memory and is the perfect way to open our 2026 Season. Simone Young has opened each of her seasons as Chief Conductor of the Sydney Symphony Orchestra with one of Mahler’s symphonies to rave reviews. We continue this tradition in 2026 with the vast and moving The Song of the Earth, a symphony in all but name, brought to life by world-class vocalists Simon O’Neill and Alexandra Ionis.",https://www.sydneysymphony.com/concerts/simone-young-conducts-mahlers-song-of-the-earth
"Concert Hall, Sydney Opera House",Thu 26 February,1:30pm,No,No,Simone Young conducts Mahler’s Song of the Earth,"Mahler’s The Song of the Earth ends with an extraordinary fade out, as a contralto sings ‘everywhere, forever...forever and ever.’ It captures beautifully the way music lives around us and in our memory and is the perfect way to open our 2026 Season. Simone Young has opened each of her seasons as Chief Conductor of the Sydney Symphony Orchestra with one of Mahler’s symphonies to rave reviews. We continue this tradition in 2026 with the vast and moving The Song of the Earth, a symphony in all but name, brought to life by world-class vocalists Simon O’Neill and Alexandra Ionis.",https://www.sydneysymphony.com/concerts/simone-young-conducts-mahlers-song-of-the-earth
"Concert Hall, Sydney Opera House",Fri 27 February,8:00pm,No,No,Simone Young conducts Mahler’s Song of the Earth,"Mahler’s The Song of the Earth ends with an extraordinary fade out, as a contralto sings ‘everywhere, forever...forever and ever.’ It captures beautifully the way music lives around us and in our memory and is the perfect way to open our 2026 Season. Simone Young has opened each of her seasons as Chief Conductor of the Sydney Symphony Orchestra with one of Mahler’s symphonies to rave reviews. We continue this tradition in 2026 with the vast and moving The Song of the Earth, a symphony in all but name, brought to life by world-class vocalists Simon O’Neill and Alexandra Ionis.",https://www.sydneysymphony.com/concerts/simone-young-conducts-mahlers-song-of-the-earth
"Concert Hall, Sydney Opera House",Sat 28 February,8:00pm,No,No,Simone Young conducts Mahler’s Song of the Earth,"Mahler’s The Song of the Earth ends with an extraordinary fade out, as a contralto sings ‘everywhere, forever...forever and ever.’ It captures beautifully the way music lives around us and in our memory and is the perfect way to open our 2026 Season. Simone Young has opened each of her seasons as Chief Conductor of the Sydney Symphony Orchestra with one of Mahler’s symphonies to rave reviews. We continue this tradition in 2026 with the vast and moving The Song of the Earth, a symphony in all but name, brought to life by world-class vocalists Simon O’Neill and Alexandra Ionis.",https://www.sydneysymphony.com/concerts/simone-young-conducts-mahlers-song-of-the-earth
"Concert Hall, Sydney Opera House",Fri 06 March,11:00am,No,No,Simone Young conducts Britten & Vaughan Williams,"Vaughan Williams’ Sixth Symphony opens in a blaze of energy. Sharp rhythms, bold brass and relentless momentum. Written in the aftermath of the Second World War, it burns with unrest. The final movement dissolves into a ghostlike hush that drifts toward silence and stays with you long after. After acclaimed performances of his Eighth and Third symphonies in recent seasons, Simone Young continues her exploration of these touching works.",https://www.sydneysymphony.com/concerts/simone-young-conducts-britten-vaughan-williams
"Concert Hall, Sydney Opera House",Sat 07 March,7:00pm,No,No,Simone Young conducts Britten & Vaughan Williams,"Vaughan Williams’ Sixth Symphony opens in a blaze of energy. Sharp rhythms, bold brass and relentless momentum. Written in the aftermath of the Second World War, it burns with unrest. The final movement dissolves into a ghostlike hush that drifts toward silence and stays with you long after. After acclaimed performances of his Eighth and Third symphonies in recent seasons, Simone Young continues her exploration of these touching works.",https://www.sydneysymphony.com/concerts/simone-young-conducts-britten-vaughan-williams
"Concert Hall, Sydney Opera House",Tue 10 March,7:00pm,No,No,Listen to This: Discover Tchaikovsky,"Listen to This is an evening of musical discovery like no other, hosted by Conductor in Residence Benjamin Northey. Part performance, part guided tour, this unique event offers a behind-the-scenes look at how Tchaikovsky’s music works.",https://www.sydneysymphony.com/concerts/discover-tchaikovsky
"Concert Hall, Sydney Opera House",Thu 12 March,7:00pm,No,No,Elden Ring Symphonic Adventure,"The fate of the realm is in the hands of the Tarnished. To become Elden Lord, they must travel across the Lands Between, collect the Great Runes and make their way to the Erdtree. Presented in association with Bandai Namco Entertainment Inc. and Overlook Events, this official and immersive concert experience lets you relive major moments of the game via video montages perfectly synchronised with the ground-breaking score by the FromSoftware sound team, accompanied by original lighting design and sound effects.",https://www.sydneysymphony.com/concerts/elden-ring-symphonic-adventure
"Utzon Room, Sydney Opera House",Fri 13 March,6:00pm,No,No,Cocktail Hour with Alexander Morris,"Best known for the stabbing strings of Psycho, Bernard Herrmann’s Souvenirs de Voyage sounds like the soundtrack to an epic romance, full of yearning. Weber’s Quintet is a thrilling showpiece for the clarinet, revelling in the possibilities of the instrument.",https://www.sydneysymphony.com/concerts/cocktail-hour-with-alexander-morris
"Concert Hall, Sydney Opera House",Fri 13 March,7:00pm,No,No,Elden Ring Symphonic Adventure,"The fate of the realm is in the hands of the Tarnished. To become Elden Lord, they must travel across the Lands Between, collect the Great Runes and make their way to the Erdtree. Presented in association with Bandai Namco Entertainment Inc. and Overlook Events, this official and immersive concert experience lets you relive major moments of the game via video montages perfectly synchronised with the ground-breaking score by the FromSoftware sound team, accompanied by original lighting design and sound effects.",https://www.sydneysymphony.com/concerts/elden-ring-symphonic-adventure
"Utzon Room, Sydney Opera House",Sat 14 March,6:00pm,No,No,Cocktail Hour with Alexander Morris,"Best known for the stabbing strings of Psycho, Bernard Herrmann’s Souvenirs de Voyage sounds like the soundtrack to an epic romance, full of yearning. Weber’s Quintet is a thrilling showpiece for the clarinet, revelling in the possibilities of the instrument.",https://www.sydneysymphony.com/concerts/cocktail-hour-with-alexander-morris
"Concert Hall, Sydney Opera House",Sat 14 March,7:00pm,No,No,Elden Ring Symphonic Adventure,"The fate of the realm is in the hands of the Tarnished. To become Elden Lord, they must travel across the Lands Between, collect the Great Runes and make their way to the Erdtree. Presented in association with Bandai Namco Entertainment Inc. and Overlook Events, this official and immersive concert experience lets you relive major moments of the game via video montages perfectly synchronised with the ground-breaking score by the FromSoftware sound team, accompanied by original lighting design and sound effects.",https://www.sydneysymphony.com/concerts/elden-ring-symphonic-adventure
"Concert Hall, Sydney Opera House",Tue 17 March,7:00pm,No,No,Masterclass with Anna Lapwood,"Celebrated for her communication skills as much as her technical brilliance, Lapwood is the ideal person to share her musical insights and put the Sydney Opera House Grand Organ through its paces. Whether you are an aspiring musician yourself, or just want to gain a deeper understanding of the music that you love, this is a rare and exciting opportunity to learn from one of the world’s best.",https://www.sydneysymphony.com/concerts/masterclass-with-anna-lapwood
"Concert Hall, Sydney Opera House",Wed 18 March,11:30am,No,No,Pull Out All The Stops,"The Grand Organ is a force unto itself. 10,244 pipes of thunder and clarity, embedded in the walls of the Sydney Opera House. In this bold program, international sensation Anna Lapwood joins the Sydney Symphony Orchestra to showcase the most epic moments written for organ and orchestra. In Richard Strauss’ blazing Sunrise from Thus Spoke Zarathustra and the triumphant finale of Saint-Saëns’ Organ Symphony her virtuosity proves the extraordinary power of this instrument.",https://www.sydneysymphony.com/concerts/schools-concert-pull-out-all-the-stops
"Concert Hall, Sydney Opera House",Thu 19 March,7:00pm,No,No,Saint-Saëns’ Organ Symphony,"When the Grand Organ enters Saint-Saëns’ Third Symphony, the room changes. When the Sydney Opera House Grand Organ roars to life the sound will shake the Concert Hall with its deep, resonant power – and just wait until you hear Anna Lapwood play. Her playing is technically brilliant, but her warmth and contagious energy makes this an unmissable event.",https://www.sydneysymphony.com/concerts/saint-saens-organ-symphony-2026
"Christ Church St Laurence, Sydney",Fri 20 March,11:30am,No,No,Meet the Organ with Anna Lapwood,"Whether you’re already learning the organ, play piano and are curious about the instrument, or simply want to discover something new, this workshop offers a rare opportunity to explore the organ up close with one of its most inspiring champions.Please note that the following is a workshop, not a performance, and is only available for four (4) tickets per school.",https://www.sydneysymphony.com/concerts/meet-the-organ-with-anna-lapwood
"Concert Hall, Sydney Opera House",Fri 20 March,7:00pm,No,No,Saint-Saëns’ Organ Symphony,"When the Grand Organ enters Saint-Saëns’ Third Symphony, the room changes. When the Sydney Opera House Grand Organ roars to life the sound will shake the Concert Hall with its deep, resonant power – and just wait until you hear Anna Lapwood play. Her playing is technically brilliant, but her warmth and contagious energy makes this an unmissable event.",https://www.sydneysymphony.com/concerts/saint-saens-organ-symphony-2026
"Concert Hall, Sydney Opera House",Sat 21 March,2:00pm,No,No,Saint-Saëns’ Organ Symphony,"When the Grand Organ enters Saint-Saëns’ Third Symphony, the room changes. When the Sydney Opera House Grand Organ roars to life the sound will shake the Concert Hall with its deep, resonant power – and just wait until you hear Anna Lapwood play. Her playing is technically brilliant, but her warmth and contagious energy makes this an unmissable event.",https://www.sydneysymphony.com/concerts/saint-saens-organ-symphony-2026
"Concert Hall, Sydney Opera House",Sun 22 March,7:00pm,No,No,An Organ Recital with Anna Lapwood,"The Times calls her ‘a star on a mission – and a breath of fresh air for classical music.’ In her Australian debut recital, Lapwood takes the keys to the Sydney Opera House Grand Organ, one of the largest and most majestic instruments in the world. And when Lapwood plays it, the Concert Hall becomes a portal into new realms.",https://www.sydneysymphony.com/concerts/organ-recital-with-lapwood
"Concert Hall, Sydney Opera House",Wed 25 March,8:00pm,No,No,Anna Lapwood performs Max Richter,"Max Richter’s music comes directly from the heart; his compositions feel both vast and intimately personal. ABC Classic calls him an ‘expert in presenting an emotion or a feeling.’ Fresh from its 2025 BBC Proms debut, his luminous concerto for organ, orchestra and choir Cosmology receives its Australian premiere.",https://www.sydneysymphony.com/concerts/anna-lapwood-performs-max-richter
"Concert Hall, Sydney Opera House",Thu 26 March,1:30pm,No,No,Anna Lapwood performs Max Richter,"Max Richter’s music comes directly from the heart; his compositions feel both vast and intimately personal. ABC Classic calls him an ‘expert in presenting an emotion or a feeling.’ Fresh from its 2025 BBC Proms debut, his luminous concerto for organ, orchestra and choir Cosmology receives its Australian premiere.",https://www.sydneysymphony.com/concerts/anna-lapwood-performs-max-richter
"Concert Hall, Sydney Opera House",Fri 27 March,8:00pm,No,No,Anna Lapwood performs Max Richter,"Max Richter’s music comes directly from the heart; his compositions feel both vast and intimately personal. ABC Classic calls him an ‘expert in presenting an emotion or a feeling.’ Fresh from its 2025 BBC Proms debut, his luminous concerto for organ, orchestra and choir Cosmology receives its Australian premiere.",https://www.sydneysymphony.com/concerts/anna-lapwood-performs-max-richter
"Concert Hall, Sydney Opera House",Sat 28 March,8:00pm,No,No,Anna Lapwood performs Max Richter,"Max Richter’s music comes directly from the heart; his compositions feel both vast and intimately personal. ABC Classic calls him an ‘expert in presenting an emotion or a feeling.’ Fresh from its 2025 BBC Proms debut, his luminous concerto for organ, orchestra and choir Cosmology receives its Australian premiere.",https://www.sydneysymphony.com/concerts/anna-lapwood-performs-max-richter
"Concert Hall, Sydney Opera House",Thu 09 April,7:00pm,No,No,Donald Runnicles conducts Mahler’s Sixth Symphony,"Mahler’s Sixth Symphony charts a turbulent emotional course. Across four searing movements he wrestles with hope and futility, conjuring moments of delicate beauty and pounding dread. From an innocent lullaby to an unforgiving military march, this symphony spans the full spectrum of feeling. It all culminates in the final movement with one of the most dramatic moments in all of music: a huge mallet strikes a giant wooden box, signifying the hammer blows of fate. A sound so dramatic it has become a legend.",https://www.sydneysymphony.com/concerts/donald-runnicles-conducts-mahlers-sixth-symphony
"Concert Hall, Sydney Opera House",Sat 11 April,2:00pm,No,No,Donald Runnicles conducts Mahler’s Sixth Symphony,"Mahler’s Sixth Symphony charts a turbulent emotional course. Across four searing movements he wrestles with hope and futility, conjuring moments of delicate beauty and pounding dread. From an innocent lullaby to an unforgiving military march, this symphony spans the full spectrum of feeling. It all culminates in the final movement with one of the most dramatic moments in all of music: a huge mallet strikes a giant wooden box, signifying the hammer blows of fate. A sound so dramatic it has become a legend.",https://www.sydneysymphony.com/concerts/donald-runnicles-conducts-mahlers-sixth-symphony
"Concert Hall, Sydney Opera House",Wed 15 April,8:00pm,No,No,Tchaikovsky’s Fifth Symphony,"From lyrical intimacy to blazing transformation, the emotional sweep of this program is undeniable. Shostakovich’s First Violin Concerto opens in eerie stillness, tension brewing beneath the surface. When the third movement arrives it strikes with pathos and raw emotion. First in the trombones, then tenderly in the woodwinds, weaving a path for the violin’s entrance, growing through variations of unfiltered, searching intensity.",https://www.sydneysymphony.com/concerts/tchaikovsky-fifth-symphony-2026
"Concert Hall, Sydney Opera House",Thu 16 April,1:30pm,No,No,Tchaikovsky’s Fifth Symphony,"From lyrical intimacy to blazing transformation, the emotional sweep of this program is undeniable. Shostakovich’s First Violin Concerto opens in eerie stillness, tension brewing beneath the surface. When the third movement arrives it strikes with pathos and raw emotion. First in the trombones, then tenderly in the woodwinds, weaving a path for the violin’s entrance, growing through variations of unfiltered, searching intensity.",https://www.sydneysymphony.com/concerts/tchaikovsky-fifth-symphony-2026
"Concert Hall, Sydney Opera House",Fri 17 April,8:00pm,No,No,Tchaikovsky’s Fifth Symphony,"From lyrical intimacy to blazing transformation, the emotional sweep of this program is undeniable. Shostakovich’s First Violin Concerto opens in eerie stillness, tension brewing beneath the surface. When the third movement arrives it strikes with pathos and raw emotion. First in the trombones, then tenderly in the woodwinds, weaving a path for the violin’s entrance, growing through variations of unfiltered, searching intensity.",https://www.sydneysymphony.com/concerts/tchaikovsky-fifth-symphony-2026
"Concert Hall, Sydney Opera House",Sat 18 April,8:00pm,No,No,Tchaikovsky’s Fifth Symphony,"From lyrical intimacy to blazing transformation, the emotional sweep of this program is undeniable. Shostakovich’s First Violin Concerto opens in eerie stillness, tension brewing beneath the surface. When the third movement arrives it strikes with pathos and raw emotion. First in the trombones, then tenderly in the woodwinds, weaving a path for the violin’s entrance, growing through variations of unfiltered, searching intensity.",https://www.sydneysymphony.com/concerts/tchaikovsky-fifth-symphony-2026
City Recital Hall,Thu 23 April,7:00pm,No,No,Genevieve Lacey & the Sydney Symphony,"Over three decades, Australia’s own recorder queen has built an extraordinary, multi-faceted career. From guest soloist with some of Europe’s most acclaimed early music ensembles to commissioning new works by the great composers of the 21st century, the common thread connecting it all is Lacey’s artistic curiosity, her generous connection with audiences and her expressive musicianship.",https://www.sydneysymphony.com/concerts/genevieve-lacey-sydney-symphony
"Concert Hall, Sydney Opera House",Tue 28 April,7:00pm,No,No,Open Rehearsal with Benjamin Northey,"Conductor in Residence Benjamin Northey is a superb conductor, in demand to lead everything from the great masterpieces to contemporary works and live to film concerts. In this 90-minute open rehearsal, watch as he draws on all that experience to shape Holst’s beloved The Planets and a concerto by acclaimed Australian composer Nigel Westlake, written for our Principal Percussion Rebecca Lagos. This is your chance to be a fly on the wall and watch as it all comes together. Numbers are limited – book now to avoid disappointment.",https://www.sydneysymphony.com/concerts/open-rehearsal-with-benjamin-northey
"Concert Hall, Sydney Opera House",Wed 29 April,11:30am,No,No,Philharmonia Fantastique: The Making of the Orchestra,"In this 25-minute animated film, students take a magical journey through the anatomy of an orchestra, where strings pulse, winds flutter, percussion bursts and brass gleams. With each section becoming their own character, this is music like your students have never experienced before.",https://www.sydneysymphony.com/concerts/schools-concert-philharmonia-fantastique-the-making-of-the-orchestra
"Studio, Sydney Opera House",Fri 01 May,10:00am,No,No,"For Schools: Ready, Set, Listen! Symphonic Dances","Ready, Set, Listen! is our brand new series of 30-minute concerts specially created for students in K–2 and featuring beloved children’s entertainer Emily Who. Each performance centres around a piece of core classical repertoire arranged for a smaller ensemble, specially adapted for young ears and imaginations.",https://www.sydneysymphony.com/concerts/schools-concert-ready-set-listen-symphonic-dances
"Studio, Sydney Opera House",Fri 01 May,11:30am,No,No,"For Schools: Ready, Set, Listen! Symphonic Dances","Ready, Set, Listen! is our brand new series of 30-minute concerts specially created for students in K–2 and featuring beloved children’s entertainer Emily Who. Each performance centres around a piece of core classical repertoire arranged for a smaller ensemble, specially adapted for young ears and imaginations.",https://www.sydneysymphony.com/concerts/schools-concert-ready-set-listen-symphonic-dances
"Studio, Sydney Opera House",Fri 01 May,1:00pm,No,No,"For Schools: Ready, Set, Listen! Symphonic Dances","Ready, Set, Listen! is our brand new series of 30-minute concerts specially created for students in K–2 and featuring beloved children’s entertainer Emily Who. Each performance centres around a piece of core classical repertoire arranged for a smaller ensemble, specially adapted for young ears and imaginations.",https://www.sydneysymphony.com/concerts/schools-concert-ready-set-listen-symphonic-dances
"Concert Hall, Sydney Opera House",Fri 01 May,7:00pm,No,No,Symphonic Cinema: The Planets,"In this world premiere presentation, a captivating silent film by Dutch director Lucas van Woerkum explores the vastness of the cosmos and the intimacy of human experience. More than a visual accompaniment to music, this is a deeply felt journey that expands the Sydney Opera House Concert Hall into a shared space of wonder and reflection. Van Woerkum performs as a cinema soloist, matching his film in real time to the Orchestra’s performance; as Holst’s celestial masterpiece fills the air, the images unfold like a dream – mysterious, luminous, and unforgettable.",https://www.sydneysymphony.com/concerts/holsts-planets-symphonic-cinema
"Studio, Sydney Opera House",Sat 02 May,10:00am,No,No,"Ready, Set, Listen! Symphonic Dances","Rachmaninov’s Symphonic Dances combine irresistible rhythms with big, catchy tunes – a perfect introduction to classical music! Designed to engage children aged 0–5 in active live music listening, these 30-minute interactive performances feature the extraordinary musicians of the Sydney Symphony Orchestra performing music arranged for a small ensemble by composer Tim Hansen alongside leading children’s entertainer Emily Who.",https://www.sydneysymphony.com/concerts/ready-set-listen-symphonic-dances
"Studio, Sydney Opera House",Sat 02 May,11:30am,No,No,"Ready, Set, Listen! Symphonic Dances","Rachmaninov’s Symphonic Dances combine irresistible rhythms with big, catchy tunes – a perfect introduction to classical music! Designed to engage children aged 0–5 in active live music listening, these 30-minute interactive performances feature the extraordinary musicians of the Sydney Symphony Orchestra performing music arranged for a small ensemble by composer Tim Hansen alongside leading children’s entertainer Emily Who.",https://www.sydneysymphony.com/concerts/ready-set-listen-symphonic-dances
"Studio, Sydney Opera House",Sat 02 May,1:00pm,No,No,"Ready, Set, Listen! Symphonic Dances","Rachmaninov’s Symphonic Dances combine irresistible rhythms with big, catchy tunes – a perfect introduction to classical music! Designed to engage children aged 0–5 in active live music listening, these 30-minute interactive performances feature the extraordinary musicians of the Sydney Symphony Orchestra performing music arranged for a small ensemble by composer Tim Hansen alongside leading children’s entertainer Emily Who.",https://www.sydneysymphony.com/concerts/ready-set-listen-symphonic-dances
"Concert Hall, Sydney Opera House",Sat 02 May,7:00pm,No,No,Symphonic Cinema: The Planets,"In this world premiere presentation, a captivating silent film by Dutch director Lucas van Woerkum explores the vastness of the cosmos and the intimacy of human experience. More than a visual accompaniment to music, this is a deeply felt journey that expands the Sydney Opera House Concert Hall into a shared space of wonder and reflection. Van Woerkum performs as a cinema soloist, matching his film in real time to the Orchestra’s performance; as Holst’s celestial masterpiece fills the air, the images unfold like a dream – mysterious, luminous, and unforgettable.",https://www.sydneysymphony.com/concerts/holsts-planets-symphonic-cinema
"Concert Hall, Sydney Opera House",Sun 03 May,2:00pm,No,No,Symphonic Cinema: The Planets,"In this world premiere presentation, a captivating silent film by Dutch director Lucas van Woerkum explores the vastness of the cosmos and the intimacy of human experience. More than a visual accompaniment to music, this is a deeply felt journey that expands the Sydney Opera House Concert Hall into a shared space of wonder and reflection. Van Woerkum performs as a cinema soloist, matching his film in real time to the Orchestra’s performance; as Holst’s celestial masterpiece fills the air, the images unfold like a dream – mysterious, luminous, and unforgettable.",https://www.sydneysymphony.com/concerts/holsts-planets-symphonic-cinema
"Utzon Room, Sydney Opera House",Fri 08 May,6:00pm,No,No,Cocktail Hour with Euan Harvey,"In Richard Strauss’ opera Capriccio, characters debate whether art, poetry or music is more important; this exquisite Sextet makes a persuasive argument for the latter. Composed as a birthday present to his wife and based on a German lullaby, Wagner’s Siegfried Idyll captures the composer in an intimate domestic setting a world away from the bombast of his famous operas.",https://www.sydneysymphony.com/concerts/cocktail-hour-with-euan-harvey
"Utzon Room, Sydney Opera House",Sat 09 May,6:00pm,No,No,Cocktail Hour with Euan Harvey,"In Richard Strauss’ opera Capriccio, characters debate whether art, poetry or music is more important; this exquisite Sextet makes a persuasive argument for the latter. Composed as a birthday present to his wife and based on a German lullaby, Wagner’s Siegfried Idyll captures the composer in an intimate domestic setting a world away from the bombast of his famous operas.",https://www.sydneysymphony.com/concerts/cocktail-hour-with-euan-harvey
"Concert Hall, Sydney Opera House",Tue 12 May,10:00am,No,No,For Schools: Open Rehearsal with Nicholas Carter,"This program draws inspiration from the ocean: Britten’s Sea Interludes from Peter Grimes present an unforgiving antagonist; Debussy’s La Mer depicts a world of enchantment, and in its Australian premiere Poème by Jeanne Demessieux plumbs the still depths of the sea. Australian conductor Nicholas Carter returns home from triumphs in Europe and America to lead this program of oceanic contrasts.",https://www.sydneysymphony.com/concerts/schools-open-rehearsal-with-nicholas-carter
"Concert Hall, Sydney Opera House",Wed 13 May,8:00pm,No,No,Alexander Gavrylyuk performs Rachmaninov,"Our former Principal Conductor Vladimir Ashkenazy called him ‘an extraordinary talent.’ Here Gavrylyuk tackles Rachmaninov’s notoriously difficult Rhapsody on a Theme of Paganini. These 24 variations take you on a wild ride, from stormy to mischievous to tender; but in the 18th, Rachmaninov flips the melody upside down to reveal one of classical music’s biggest and best-loved tunes.",https://www.sydneysymphony.com/concerts/alexander-gavrylyuk-performs-rachmaninov
"Concert Hall, Sydney Opera House",Thu 14 May,1:30pm,No,No,Alexander Gavrylyuk performs Rachmaninov,"Our former Principal Conductor Vladimir Ashkenazy called him ‘an extraordinary talent.’ Here Gavrylyuk tackles Rachmaninov’s notoriously difficult Rhapsody on a Theme of Paganini. These 24 variations take you on a wild ride, from stormy to mischievous to tender; but in the 18th, Rachmaninov flips the melody upside down to reveal one of classical music’s biggest and best-loved tunes.",https://www.sydneysymphony.com/concerts/alexander-gavrylyuk-performs-rachmaninov
"Concert Hall, Sydney Opera House",Fri 15 May,11:00am,No,No,The Sydney Symphony Fellows in Concert,"With just a handful of instruments on stage, chamber music gives you clarity and directness like nothing else. Each musician – and each instrument – stands out, their artistry shining bright.",https://www.sydneysymphony.com/concerts/sydney-symphony-fellows-in-concert-2026
"Concert Hall, Sydney Opera House",Fri 15 May,8:00pm,No,No,Alexander Gavrylyuk performs Rachmaninov,"Our former Principal Conductor Vladimir Ashkenazy called him ‘an extraordinary talent.’ Here Gavrylyuk tackles Rachmaninov’s notoriously difficult Rhapsody on a Theme of Paganini. These 24 variations take you on a wild ride, from stormy to mischievous to tender; but in the 18th, Rachmaninov flips the melody upside down to reveal one of classical music’s biggest and best-loved tunes.",https://www.sydneysymphony.com/concerts/alexander-gavrylyuk-performs-rachmaninov
"Concert Hall, Sydney Opera House",Sat 16 May,8:00pm,No,No,Alexander Gavrylyuk performs Rachmaninov,"Our former Principal Conductor Vladimir Ashkenazy called him ‘an extraordinary talent.’ Here Gavrylyuk tackles Rachmaninov’s notoriously difficult Rhapsody on a Theme of Paganini. These 24 variations take you on a wild ride, from stormy to mischievous to tender; but in the 18th, Rachmaninov flips the melody upside down to reveal one of classical music’s biggest and best-loved tunes.",https://www.sydneysymphony.com/concerts/alexander-gavrylyuk-performs-rachmaninov
Newcastle Civic Theatre,Wed 27 May,7:00pm,No,No,The Sydney Symphony performs Orchestral Favourites,"Copland’s Appalachian Spring and Falla’s The Three-Cornered Hat pulse with energy and drive, while Ravel’s mesmerising Bolero builds to a thrilling climax that will stick in your head for weeks. Exciting young Western Sydney composer Holly Harrison matches that energy in Hi-Vis, drawing on elements of electronic dance music, brass fanfares and disco to recreate the energy and sounds of suburban life.",https://www.sydneysymphony.com/concerts/orchestra-favourites-2026
Coliseum Theatre,Wed 27 May,7:00pm,No,No,The Sydney Symphony performs Orchestral Favourites,"Copland’s Appalachian Spring and Falla’s The Three-Cornered Hat pulse with energy and drive, while Ravel’s mesmerising Bolero builds to a thrilling climax that will stick in your head for weeks. Exciting young Western Sydney composer Holly Harrison matches that energy in Hi-Vis, drawing on elements of electronic dance music, brass fanfares and disco to recreate the energy and sounds of suburban life.",https://www.sydneysymphony.com/concerts/orchestra-favourites-2026
Coliseum Theatre,Thu 28 May,7:00pm,No,No,The Sydney Symphony performs Orchestral Favourites,"Copland’s Appalachian Spring and Falla’s The Three-Cornered Hat pulse with energy and drive, while Ravel’s mesmerising Bolero builds to a thrilling climax that will stick in your head for weeks. Exciting young Western Sydney composer Holly Harrison matches that energy in Hi-Vis, drawing on elements of electronic dance music, brass fanfares and disco to recreate the energy and sounds of suburban life.",https://www.sydneysymphony.com/concerts/orchestra-favourites-2026
Newcastle Civic Theatre,Thu 28 May,7:00pm,No,No,The Sydney Symphony performs Orchestral Favourites,"Copland’s Appalachian Spring and Falla’s The Three-Cornered Hat pulse with energy and drive, while Ravel’s mesmerising Bolero builds to a thrilling climax that will stick in your head for weeks. Exciting young Western Sydney composer Holly Harrison matches that energy in Hi-Vis, drawing on elements of electronic dance music, brass fanfares and disco to recreate the energy and sounds of suburban life.",https://www.sydneysymphony.com/concerts/orchestra-favourites-2026
Coliseum Theatre,Fri 29 May,11:30am,No,No,Orchestral Colour and Story,"In this interactive performance, students will discover how composers use rhythm, texture, instrumentation and movement to create vivid musical worlds. Guided by acclaimed conductor Benjamin Northey, the Orchestra brings to life music that dances, swells and transforms before their eyes and ears.",https://www.sydneysymphony.com/concerts/schools-concert-orchestral-colour-and-story
City Recital Hall,Thu 04 June,7:00pm,No,No,William Barton & the Sydney Symphony,"Whether he’s writing for voice, yiḏaki and guitar or the full force of a symphony orchestra, William Barton creates music that feels grounded and expansive. Described by ABC Arts as a ‘master of his craft and a deeply compelling performer’, Barton’s music moves through scenes of land and light: expansive, shaped by ancient songlines, lived experience and a fearless openness to new forms.",https://www.sydneysymphony.com/concerts/william-barton-sydney-symphony-2026
"Concert Hall, Sydney Opera House",Thu 11 June,7:00pm,No,No,Stravinsky’s The Firebird,"Stravinsky’s Firebird feels like a kaleidoscopic dream, opening in shadow, ending in a blaze. Based on Slavic folklore, this music evokes a world of enchanted princesses, wicked sorcerers and a mythical creature whose flight brings the story to a spellbinding close. It’s no wonder this music catapulted Stravinsky to global fame.",https://www.sydneysymphony.com/concerts/stravinskys-firebird-2026
"Concert Hall, Sydney Opera House",Fri 12 June,7:00pm,No,No,Stravinsky’s The Firebird,"Stravinsky’s Firebird feels like a kaleidoscopic dream, opening in shadow, ending in a blaze. Based on Slavic folklore, this music evokes a world of enchanted princesses, wicked sorcerers and a mythical creature whose flight brings the story to a spellbinding close. It’s no wonder this music catapulted Stravinsky to global fame.",https://www.sydneysymphony.com/concerts/stravinskys-firebird-2026
"Concert Hall, Sydney Opera House",Sat 13 June,2:00pm,No,No,Stravinsky’s The Firebird,"Stravinsky’s Firebird feels like a kaleidoscopic dream, opening in shadow, ending in a blaze. Based on Slavic folklore, this music evokes a world of enchanted princesses, wicked sorcerers and a mythical creature whose flight brings the story to a spellbinding close. It’s no wonder this music catapulted Stravinsky to global fame.",https://www.sydneysymphony.com/concerts/stravinskys-firebird-2026
"Concert Hall, Sydney Opera House",Tue 16 June,10:00am,No,No,For Schools: Open Rehearsal with Anja Bihlmaier,"You know the opening. But the real thrill of Beethoven’s Fifth comes from the unrelenting momentum that follows. The transition from the third movement’s suspended hush into the finale is unforgettable. Returning after a triumphant Sydney debut in 2024 ‘that brought the house down’ (Limelight), conductor Anja Bihlmaier brings clarity and fire to this rich, century-spanning program.",https://www.sydneysymphony.com/concerts/schools-open-rehearsal-with-anja-bihlmaier
"Concert Hall, Sydney Opera House",Wed 17 June,8:00pm,No,No,Beethoven’s Fifth Symphony,"It begins with the four most famous notes in music. The legendary motif propels the entire first movement of Beethoven’s Fifth. The power of this symphony never relents, from those iconic opening moments to the bright light of the finale. The end of the third movement is electric, strings hovering in suspense before erupting into one of the most triumphant transitions in classical music, from tension to pure release.",https://www.sydneysymphony.com/concerts/beethovens-fifth-symphony-2026
"Concert Hall, Sydney Opera House",Thu 18 June,1:30pm,No,No,Beethoven’s Fifth Symphony,"It begins with the four most famous notes in music. The legendary motif propels the entire first movement of Beethoven’s Fifth. The power of this symphony never relents, from those iconic opening moments to the bright light of the finale. The end of the third movement is electric, strings hovering in suspense before erupting into one of the most triumphant transitions in classical music, from tension to pure release.",https://www.sydneysymphony.com/concerts/beethovens-fifth-symphony-2026
"New England Conservatorium of Music, Armidale",Fri 19 June,10:00am,No,No,Playerlink in 2026,"Three days of nothing but music. Playerlink helps students take their skills up a notch in a fun and engaging way. Learn what it takes to perform like a professional, whilst being a part of some great music experiences.Please note that the following is a workshop, not a performance, and is only available for four (4) tickets per school.",https://www.sydneysymphony.com/concerts/playerlink-2026
"Concert Hall, Sydney Opera House",Fri 19 June,8:00pm,No,No,Beethoven’s Fifth Symphony,"It begins with the four most famous notes in music. The legendary motif propels the entire first movement of Beethoven’s Fifth. The power of this symphony never relents, from those iconic opening moments to the bright light of the finale. The end of the third movement is electric, strings hovering in suspense before erupting into one of the most triumphant transitions in classical music, from tension to pure release.",https://www.sydneysymphony.com/concerts/beethovens-fifth-symphony-2026
"New England Conservatorium of Music, Armidale",Sat 20 June,10:00am,No,No,Playerlink in 2026,"Three days of nothing but music. Playerlink helps students take their skills up a notch in a fun and engaging way. Learn what it takes to perform like a professional, whilst being a part of some great music experiences.Please note that the following is a workshop, not a performance, and is only available for four (4) tickets per school.",https://www.sydneysymphony.com/concerts/playerlink-2026
"Concert Hall, Sydney Opera House",Sat 20 June,8:00pm,No,No,Beethoven’s Fifth Symphony,"It begins with the four most famous notes in music. The legendary motif propels the entire first movement of Beethoven’s Fifth. The power of this symphony never relents, from those iconic opening moments to the bright light of the finale. The end of the third movement is electric, strings hovering in suspense before erupting into one of the most triumphant transitions in classical music, from tension to pure release.",https://www.sydneysymphony.com/concerts/beethovens-fifth-symphony-2026
"New England Conservatorium of Music, Armidale",Sun 21 June,10:00am,No,No,Playerlink in 2026,"Three days of nothing but music. Playerlink helps students take their skills up a notch in a fun and engaging way. Learn what it takes to perform like a professional, whilst being a part of some great music experiences.Please note that the following is a workshop, not a performance, and is only available for four (4) tickets per school.",https://www.sydneysymphony.com/concerts/playerlink-2026
"Concert Hall, Sydney Opera House",Thu 25 June,7:00pm,No,No,How to Train Your Dragon 2 in Concert,"Winner of the Golden Globe Award for Best Animated Feature Film, DreamWorks’ How to Train Your Dragon 2 is that rare sequel that’s a worthy successor to the original! Hailed by critics and audiences alike, the acclaimed adventure continues featuring ground-breaking animation, brilliant storytelling and stirring emotion.",https://www.sydneysymphony.com/concerts/how-to-train-your-dragon-2
"Concert Hall, Sydney Opera House",Fri 26 June,7:00pm,No,No,How to Train Your Dragon 2 in Concert,"Winner of the Golden Globe Award for Best Animated Feature Film, DreamWorks’ How to Train Your Dragon 2 is that rare sequel that’s a worthy successor to the original! Hailed by critics and audiences alike, the acclaimed adventure continues featuring ground-breaking animation, brilliant storytelling and stirring emotion.",https://www.sydneysymphony.com/concerts/how-to-train-your-dragon-2
"Concert Hall, Sydney Opera House",Sat 27 June,2:00pm,No,No,How to Train Your Dragon 2 in Concert,"Winner of the Golden Globe Award for Best Animated Feature Film, DreamWorks’ How to Train Your Dragon 2 is that rare sequel that’s a worthy successor to the original! Hailed by critics and audiences alike, the acclaimed adventure continues featuring ground-breaking animation, brilliant storytelling and stirring emotion.",https://www.sydneysymphony.com/concerts/how-to-train-your-dragon-2
"Concert Hall, Sydney Opera House",Sat 27 June,7:00pm,No,No,How to Train Your Dragon 2 in Concert,"Winner of the Golden Globe Award for Best Animated Feature Film, DreamWorks’ How to Train Your Dragon 2 is that rare sequel that’s a worthy successor to the original! Hailed by critics and audiences alike, the acclaimed adventure continues featuring ground-breaking animation, brilliant storytelling and stirring emotion.",https://www.sydneysymphony.com/concerts/how-to-train-your-dragon-2
"Concert Hall, Sydney Opera House",Sun 28 June,2:00pm,No,No,How to Train Your Dragon 2 in Concert,"Winner of the Golden Globe Award for Best Animated Feature Film, DreamWorks’ How to Train Your Dragon 2 is that rare sequel that’s a worthy successor to the original! Hailed by critics and audiences alike, the acclaimed adventure continues featuring ground-breaking animation, brilliant storytelling and stirring emotion.",https://www.sydneysymphony.com/concerts/how-to-train-your-dragon-2
"Concert Hall, Sydney Opera House",Tue 30 June,7:00pm,No,No,Listen to This: Discover Elgar,"Listen to This is an evening of musical discovery like no other, hosted by Conductor in Residence Benjamin Northey. Part performance, part guided tour, this unique event offers a behind-the-scenes look at how Elgar’s music works.",https://www.sydneysymphony.com/concerts/discover-elgar
"Concert Hall, Sydney Opera House",Fri 03 July,11:00am,No,No,Gil Shaham performs Beethoven’s Violin Concerto,"Beethoven’s Violin Concerto is majestic in scale, flowing with expansive lyricism and colossal architecture. Gentle taps on the timpani set the stage for an extraordinary journey, vast and noble. It has remained the gold standard for 300 years, a monumental challenge for composers, orchestras and soloists to aspire to.",https://www.sydneysymphony.com/concerts/gil-shaham-performs-beethovens-violin-concerto
"Concert Hall, Sydney Opera House",Sat 04 July,7:00pm,No,No,Gil Shaham performs Beethoven’s Violin Concerto,"Beethoven’s Violin Concerto is majestic in scale, flowing with expansive lyricism and colossal architecture. Gentle taps on the timpani set the stage for an extraordinary journey, vast and noble. It has remained the gold standard for 300 years, a monumental challenge for composers, orchestras and soloists to aspire to.",https://www.sydneysymphony.com/concerts/gil-shaham-performs-beethovens-violin-concerto
"Concert Hall, Sydney Opera House",Sun 05 July,2:00pm,No,No,Gil Shaham performs Beethoven’s Violin Concerto,"Beethoven’s Violin Concerto is majestic in scale, flowing with expansive lyricism and colossal architecture. Gentle taps on the timpani set the stage for an extraordinary journey, vast and noble. It has remained the gold standard for 300 years, a monumental challenge for composers, orchestras and soloists to aspire to.",https://www.sydneysymphony.com/concerts/gil-shaham-performs-beethovens-violin-concerto
"Concert Hall, Sydney Opera House",Thu 09 July,7:00pm,No,No,Benjamin Beilman performs Mendelssohn’s Violin Concerto,"Mendelssohn's Violin Concerto doesn’t leave you waiting, with the soloist launching dramatically into its lyrical story from the start. Intimate and beautiful, the work captures all the sparkle of the Classical era while setting the tone for the expressive Romanticism of later masterpieces.",https://www.sydneysymphony.com/concerts/benjamin-beilman-performs-mendelssohn-violin-concerto
"Concert Hall, Sydney Opera House",Fri 10 July,7:00pm,No,No,Benjamin Beilman performs Mendelssohn’s Violin Concerto,"Mendelssohn's Violin Concerto doesn’t leave you waiting, with the soloist launching dramatically into its lyrical story from the start. Intimate and beautiful, the work captures all the sparkle of the Classical era while setting the tone for the expressive Romanticism of later masterpieces.",https://www.sydneysymphony.com/concerts/benjamin-beilman-performs-mendelssohn-violin-concerto
"Concert Hall, Sydney Opera House",Sat 11 July,2:00pm,No,No,Benjamin Beilman performs Mendelssohn’s Violin Concerto,"Mendelssohn's Violin Concerto doesn’t leave you waiting, with the soloist launching dramatically into its lyrical story from the start. Intimate and beautiful, the work captures all the sparkle of the Classical era while setting the tone for the expressive Romanticism of later masterpieces.",https://www.sydneysymphony.com/concerts/benjamin-beilman-performs-mendelssohn-violin-concerto
"Utzon Room, Sydney Opera House",Fri 17 July,6:00pm,No,No,Cocktail Hour with Timothy Constable,"The early 70s saw a turbulent changing of the cultural guard. The deaths of Shostakovich, Louis Armstrong, Jimi Hendrix and Janis Joplin and the disbanding of the Beatles was set against Miles Davis’ jazz/rock fusion revolution and the birth of heavy metal (Black Sabbath) and techno (Kraftwerk).",https://www.sydneysymphony.com/concerts/cocktail-hour-with-timothy-constable
"Utzon Room, Sydney Opera House",Sat 18 July,6:00pm,No,No,Cocktail Hour with Timothy Constable,"The early 70s saw a turbulent changing of the cultural guard. The deaths of Shostakovich, Louis Armstrong, Jimi Hendrix and Janis Joplin and the disbanding of the Beatles was set against Miles Davis’ jazz/rock fusion revolution and the birth of heavy metal (Black Sabbath) and techno (Kraftwerk).",https://www.sydneysymphony.com/concerts/cocktail-hour-with-timothy-constable
"Concert Hall, Sydney Opera House",Mon 20 July,7:00pm,No,No,Javier Perianes in Recital,"The nocturne, mazurka and waltz: piano forms that conjure entire worlds. Full of mystery and momentum, Spanish pianist Javier Perianes explores how two towering composers reimagined these forms in strikingly different ways.",https://www.sydneysymphony.com/concerts/javier-perianes-in-recital-2026
"Concert Hall, Sydney Opera House",Wed 22 July,8:00pm,No,No,Beethoven’s Emperor Concerto,"Before Beethoven changed the world, he was a young man carving his place in it. His First Symphony and Second Piano Concerto reveal a composer testing the limits of what music could be. This concert offers a unique chance to experience Beethoven’s evolution from his early career to the beginning of his heroic period.",https://www.sydneysymphony.com/concerts/beethovens-emporer-concerto
"Concert Hall, Sydney Opera House",Thu 23 July,1:30pm,No,No,Beethoven’s Emperor Concerto,"Before Beethoven changed the world, he was a young man carving his place in it. His First Symphony and Second Piano Concerto reveal a composer testing the limits of what music could be. This concert offers a unique chance to experience Beethoven’s evolution from his early career to the beginning of his heroic period.",https://www.sydneysymphony.com/concerts/beethovens-emporer-concerto
"Concert Hall, Sydney Opera House",Fri 24 July,8:00pm,No,No,Beethoven’s Emperor Concerto,"Before Beethoven changed the world, he was a young man carving his place in it. His First Symphony and Second Piano Concerto reveal a composer testing the limits of what music could be. This concert offers a unique chance to experience Beethoven’s evolution from his early career to the beginning of his heroic period.",https://www.sydneysymphony.com/concerts/beethovens-emporer-concerto
"Concert Hall, Sydney Opera House",Sat 25 July,8:00pm,No,No,Beethoven’s Emperor Concerto,"Before Beethoven changed the world, he was a young man carving his place in it. His First Symphony and Second Piano Concerto reveal a composer testing the limits of what music could be. This concert offers a unique chance to experience Beethoven’s evolution from his early career to the beginning of his heroic period.",https://www.sydneysymphony.com/concerts/beethovens-emporer-concerto
"Concert Hall, Sydney Opera House",Tue 28 July,7:00pm,No,No,Masterclass with Sheku Kanneh-Mason,"One of the most exciting young musicians in the world, Sheku Kanneh-Mason has drawn new and young audiences to classical music through his inspired playing. In this masterclass he shares performance skills and musical insights with our 2026 Fellows – and you can be there to experience it too.",https://www.sydneysymphony.com/concerts/masterclass-with-sheku-kanneh-mason
"Concert Hall, Sydney Opera House",Wed 29 July,10:00am,No,No,For Schools: Open Rehearsal with Simone Young,"Simone Young demonstrates her mastery of the music of Richard Strauss in the vast An Alpine Symphony. Experience the power of this evocative ascent, from majestic daybreak to triumphant summit, complete with a thunderous storm. Please note this is a working rehearsal. Repertoire and duration are at the discretion of the conductor. These rehearsals may not always include specific repertoire or appearances by guest soloists.",https://www.sydneysymphony.com/concerts/schools-open-rehearsal-with-simone-young
"Concert Hall, Sydney Opera House",Thu 30 July,7:00pm,No,No,Simone Young & Sheku Kanneh-Mason,"Sheku Kanneh-Mason catapulted to stardom after his performance at the royal wedding of Harry and Meghan. But it’s his superb musicianship that has led him to work with the world’s greatest orchestras and conductors, including our own Chief Conductor Simone Young. Now it is Sydney’s turn to experience this young star, performing Elgar’s beloved Cello Concerto.",https://www.sydneysymphony.com/concerts/simone-young-sheku-kanneh-mason
"Concert Hall, Sydney Opera House",Fri 31 July,7:00pm,No,No,Simone Young & Sheku Kanneh-Mason,"Sheku Kanneh-Mason catapulted to stardom after his performance at the royal wedding of Harry and Meghan. But it’s his superb musicianship that has led him to work with the world’s greatest orchestras and conductors, including our own Chief Conductor Simone Young. Now it is Sydney’s turn to experience this young star, performing Elgar’s beloved Cello Concerto.",https://www.sydneysymphony.com/concerts/simone-young-sheku-kanneh-mason
"Concert Hall, Sydney Opera House",Sat 01 August,7:00pm,No,No,Simone Young & Sheku Kanneh-Mason,"Sheku Kanneh-Mason catapulted to stardom after his performance at the royal wedding of Harry and Meghan. But it’s his superb musicianship that has led him to work with the world’s greatest orchestras and conductors, including our own Chief Conductor Simone Young. Now it is Sydney’s turn to experience this young star, performing Elgar’s beloved Cello Concerto.",https://www.sydneysymphony.com/concerts/simone-young-sheku-kanneh-mason
Newcastle City Hall,Thu 06 August,7:00pm,No,No,Håkan Hardenberger & the Sydney Symphony,"Described as ‘the cleanest, subtlest trumpeter on earth’ by The Times, Hardenberger is tireless in his quest to explore all the possibilities of his instrument. He has worked with countless contemporary composers to the repertoire for his instrument. Above all else his love of brass music is contagious and he brings all his charisma and energy to this fascinating program.",https://www.sydneysymphony.com/concerts/hakan-hardenberger-sydney-symphony
City Recital Hall,Thu 06 August,7:00pm,No,No,Håkan Hardenberger & the Sydney Symphony,"Described as ‘the cleanest, subtlest trumpeter on earth’ by The Times, Hardenberger is tireless in his quest to explore all the possibilities of his instrument. He has worked with countless contemporary composers to the repertoire for his instrument. Above all else his love of brass music is contagious and he brings all his charisma and energy to this fascinating program.",https://www.sydneysymphony.com/concerts/hakan-hardenberger-sydney-symphony
Newcastle City Hall,Sat 08 August,2:00pm,No,No,Håkan Hardenberger & the Sydney Symphony,"Described as ‘the cleanest, subtlest trumpeter on earth’ by The Times, Hardenberger is tireless in his quest to explore all the possibilities of his instrument. He has worked with countless contemporary composers to the repertoire for his instrument. Above all else his love of brass music is contagious and he brings all his charisma and energy to this fascinating program.",https://www.sydneysymphony.com/concerts/hakan-hardenberger-sydney-symphony
City Recital Hall,Sat 08 August,2:00pm,No,No,Håkan Hardenberger & the Sydney Symphony,"Described as ‘the cleanest, subtlest trumpeter on earth’ by The Times, Hardenberger is tireless in his quest to explore all the possibilities of his instrument. He has worked with countless contemporary composers to the repertoire for his instrument. Above all else his love of brass music is contagious and he brings all his charisma and energy to this fascinating program.",https://www.sydneysymphony.com/concerts/hakan-hardenberger-sydney-symphony
"Concert Hall, Sydney Opera House",Tue 11 August,10:00am,No,No,For Schools: Open Rehearsal with Fabien Gabel,"Explore the world of dance with conductor Fabien Gabel. Strauss’ Der Rosenkavalier Suite features a fantastic waltz, full of sweeping elegance, while Ravel’s La Valse has a moodier opening that gives way to a flood of opulence and a huge ending designed to bring the house down.",https://www.sydneysymphony.com/concerts/schools-open-rehearsal-with-fabien-gabel
"Concert Hall, Sydney Opera House",Tue 11 August,7:00pm,No,No,Masterclass with Håkan Hardenberger,"Over the course of his fascinating and wide-ranging career, Håkan Hardenberger has been a committed advocate for his instrument. He has widened the repertoire, pushed technical possibilities and inspired a new generation of brass players.",https://www.sydneysymphony.com/concerts/masterclass-hakan-hardenberger
"Concert Hall, Sydney Opera House",Wed 12 August,8:00pm,No,No,Orchestral Dances with Håkan Hardenberger,"No stranger to the spotlight, Hardenberger takes centre stage for Aerial, a work written with and for him by Austrian composer HK Gruber. Described by the Chicago Tribune as ‘a weird, wondrous, exhilarating tour de force”, it’s a repertoire-expanding piece full of extended techniques and prismatic colours. Believe us when we say you have never heard anything like this theatrical and thoroughly enjoyable work.",https://www.sydneysymphony.com/concerts/hakan-hardenberger-orchestral-dances
"Concert Hall, Sydney Opera House",Thu 13 August,1:30pm,No,No,Orchestral Dances with Håkan Hardenberger,"No stranger to the spotlight, Hardenberger takes centre stage for Aerial, a work written with and for him by Austrian composer HK Gruber. Described by the Chicago Tribune as ‘a weird, wondrous, exhilarating tour de force”, it’s a repertoire-expanding piece full of extended techniques and prismatic colours. Believe us when we say you have never heard anything like this theatrical and thoroughly enjoyable work.",https://www.sydneysymphony.com/concerts/hakan-hardenberger-orchestral-dances
"Concert Hall, Sydney Opera House",Fri 14 August,8:00pm,No,No,Orchestral Dances with Håkan Hardenberger,"No stranger to the spotlight, Hardenberger takes centre stage for Aerial, a work written with and for him by Austrian composer HK Gruber. Described by the Chicago Tribune as ‘a weird, wondrous, exhilarating tour de force”, it’s a repertoire-expanding piece full of extended techniques and prismatic colours. Believe us when we say you have never heard anything like this theatrical and thoroughly enjoyable work.",https://www.sydneysymphony.com/concerts/hakan-hardenberger-orchestral-dances
"Concert Hall, Sydney Opera House",Sat 15 August,8:00pm,No,No,Orchestral Dances with Håkan Hardenberger,"No stranger to the spotlight, Hardenberger takes centre stage for Aerial, a work written with and for him by Austrian composer HK Gruber. Described by the Chicago Tribune as ‘a weird, wondrous, exhilarating tour de force”, it’s a repertoire-expanding piece full of extended techniques and prismatic colours. Believe us when we say you have never heard anything like this theatrical and thoroughly enjoyable work.",https://www.sydneysymphony.com/concerts/hakan-hardenberger-orchestral-dances
"Concert Hall, Sydney Opera House",Fri 21 August,11:00am,No,No,Tchaikovsky’s First Piano Concerto,"With a thunderous entrance from the orchestra and piano chords that crash like waves, Tchaikovsky’s First Piano Concerto announces itself with total confidence. Full of colour and soaring melody, it’s clear why this is one of his most beloved works.",https://www.sydneysymphony.com/concerts/tchaikovsky-first-piano-concerto-2026
"Concert Hall, Sydney Opera House",Sat 22 August,7:00pm,No,No,Tchaikovsky’s First Piano Concerto,"With a thunderous entrance from the orchestra and piano chords that crash like waves, Tchaikovsky’s First Piano Concerto announces itself with total confidence. Full of colour and soaring melody, it’s clear why this is one of his most beloved works.",https://www.sydneysymphony.com/concerts/tchaikovsky-first-piano-concerto-2026
"Concert Hall, Sydney Opera House",Sun 23 August,2:00pm,No,No,Tchaikovsky’s First Piano Concerto,"With a thunderous entrance from the orchestra and piano chords that crash like waves, Tchaikovsky’s First Piano Concerto announces itself with total confidence. Full of colour and soaring melody, it’s clear why this is one of his most beloved works.",https://www.sydneysymphony.com/concerts/tchaikovsky-first-piano-concerto-2026
"Utzon Room, Sydney Opera House",Fri 28 August,6:00pm,No,No,Cocktail Hour with Brent Grapes,"Brass instruments have been around for thousands of years, featuring in military, religious and courtly ceremonies, marching bands, orchestra, chamber music and so much more. That versatility is on full display in this program curated by Associate Principal Trumpet Brent Grapes, from Joan Tower’s undulating, pulsing Copperwave to Giovanni Gabrieli’s 16th century canzona La Spiritata and the buoyant and florid Sextet by Oskar Böhme, one of the foremost trumpeters of his day.",https://www.sydneysymphony.com/concerts/cocktail-hour-with-brent-grapes
St James' King St,Sat 29 August,5:00pm,No,No,Fellows Choice,"Over their first six months as Sydney Symphony Orchestra Fellows, these aspiring musicians have experienced everything from vast symphonies to more intimate chamber concerts, all while getting to know each other’s playing styles. Now they get to draw on all that experience to curate this concert program themselves, from traditional ensembles like trios and quartets to more varied and unusual combinations of instruments.",https://www.sydneysymphony.com/concerts/fellows-choice-2026
"Utzon Room, Sydney Opera House",Sat 29 August,6:00pm,No,No,Cocktail Hour with Brent Grapes,"Brass instruments have been around for thousands of years, featuring in military, religious and courtly ceremonies, marching bands, orchestra, chamber music and so much more. That versatility is on full display in this program curated by Associate Principal Trumpet Brent Grapes, from Joan Tower’s undulating, pulsing Copperwave to Giovanni Gabrieli’s 16th century canzona La Spiritata and the buoyant and florid Sextet by Oskar Böhme, one of the foremost trumpeters of his day.",https://www.sydneysymphony.com/concerts/cocktail-hour-with-brent-grapes
"Concert Hall, Sydney Opera House",Mon 31 August,7:00pm,No,No,Lucas & Arthur Jussen in Recital,"It’s not often you get to hear music written for two pianos – or rarer still, four hands playing the same piano. You need two musicians totally in synch, so deeply connected that they know each other’s every thought and gesture. Lucas and Arthur Jussen literally have that connection in their DNA. The Dutch brothers are taking the classical world by storm with their mesmerizing performances and Deutsche Grammophon albums, praised as ‘formidable storytellers, who captivate listeners with their spellbinding craft’ (Der Tagesspiegel).",https://www.sydneysymphony.com/concerts/lucas-arthur-jussen-in-recital
"Concert Hall, Sydney Opera House",Thu 03 September,7:00pm,No,No,Lucas & Arthur Jussen perform Poulenc,"Music for two pianos is rare to hear in the concert hall, but it is an amazing experience hearing two artists in perfect synch with each other. And who better to do this than brothers Lucas and Arthur Jussen? Praised by Gramophone as ‘a piano duo of astonishing sensitivity’, the Dutch brothers’ effortless synchronicity and shared musical insight will light up every phrase of Poulenc’s Concerto for Two Pianos. Sparkling with invention, it moves effortlessly between Mozartian elegance, hypnotic Balinese gamelan rhythm, and the smoky charm of 1930’s Parisian jazz. It’s a work full of humour and mischievous flair.",https://www.sydneysymphony.com/concerts/lucas-arthur-jussen-perform-poulenc
"Concert Hall, Sydney Opera House",Fri 04 September,7:00pm,No,No,Lucas & Arthur Jussen perform Poulenc,"Music for two pianos is rare to hear in the concert hall, but it is an amazing experience hearing two artists in perfect synch with each other. And who better to do this than brothers Lucas and Arthur Jussen? Praised by Gramophone as ‘a piano duo of astonishing sensitivity’, the Dutch brothers’ effortless synchronicity and shared musical insight will light up every phrase of Poulenc’s Concerto for Two Pianos. Sparkling with invention, it moves effortlessly between Mozartian elegance, hypnotic Balinese gamelan rhythm, and the smoky charm of 1930’s Parisian jazz. It’s a work full of humour and mischievous flair.",https://www.sydneysymphony.com/concerts/lucas-arthur-jussen-perform-poulenc
"Concert Hall, Sydney Opera House",Sat 05 September,2:00pm,No,No,Lucas & Arthur Jussen perform Poulenc,"Music for two pianos is rare to hear in the concert hall, but it is an amazing experience hearing two artists in perfect synch with each other. And who better to do this than brothers Lucas and Arthur Jussen? Praised by Gramophone as ‘a piano duo of astonishing sensitivity’, the Dutch brothers’ effortless synchronicity and shared musical insight will light up every phrase of Poulenc’s Concerto for Two Pianos. Sparkling with invention, it moves effortlessly between Mozartian elegance, hypnotic Balinese gamelan rhythm, and the smoky charm of 1930’s Parisian jazz. It’s a work full of humour and mischievous flair.",https://www.sydneysymphony.com/concerts/lucas-arthur-jussen-perform-poulenc
"Concert Hall, Sydney Opera House",Mon 07 September,7:00pm,No,No,Open Rehearsal with Stephen Layton,"Previously Director of Music at Trinity College, Cambridge for nearly twenty years, Stephen Layton is one of the world’s most celebrated conductors of English music – especially choral music. In this special open rehearsal, listen as he breathes new life into this exquisite program, which spans 400 years of English music from Thomas Tallis to John Rutter.",https://www.sydneysymphony.com/concerts/open-rehearsal-with-stephen-layton
"Concert Hall, Sydney Opera House",Wed 09 September,8:00pm,No,No,Mozart’s Requiem with Stephen Layton,"Mozart’s Requiem is a work of enduring intensity, pulsing with shadow and ceremony. Its opening chords descend like heavy steps. But this is not music of despair; it’s full of movement and fire, epitomised by the Dies Irae which races forward with haunting fury.",https://www.sydneysymphony.com/concerts/mozarts-requiem-with-stephen-layton
"Concert Hall, Sydney Opera House",Thu 10 September,1:30pm,No,No,Mozart’s Requiem with Stephen Layton,"Mozart’s Requiem is a work of enduring intensity, pulsing with shadow and ceremony. Its opening chords descend like heavy steps. But this is not music of despair; it’s full of movement and fire, epitomised by the Dies Irae which races forward with haunting fury.",https://www.sydneysymphony.com/concerts/mozarts-requiem-with-stephen-layton
"Concert Hall, Sydney Opera House",Fri 11 September,10:00am,No,No,For Schools: Carnival of the Animals,"With plodding double-bass elephants, pecking piano-and-string hens and graceful cello swans, this piece has all the fun and fascination of a family trip to the zoo. Alex Turley’s Animalia adds an Australian twist, weaving familiar sounds of our unique wildlife into a magical companion piece. Students will watch with eagle eyes as our musicians bring each animal to life using their instruments, expertly wrangled by Sydney Symphony Conductor in Residence Benjamin Northey in this captivating concert for primary-aged listeners.",https://www.sydneysymphony.com/concerts/carnival-of-the-animals-schools-concert
"Concert Hall, Sydney Opera House",Fri 11 September,12:30pm,No,No,For Schools: Carnival of the Animals,"With plodding double-bass elephants, pecking piano-and-string hens and graceful cello swans, this piece has all the fun and fascination of a family trip to the zoo. Alex Turley’s Animalia adds an Australian twist, weaving familiar sounds of our unique wildlife into a magical companion piece. Students will watch with eagle eyes as our musicians bring each animal to life using their instruments, expertly wrangled by Sydney Symphony Conductor in Residence Benjamin Northey in this captivating concert for primary-aged listeners.",https://www.sydneysymphony.com/concerts/carnival-of-the-animals-schools-concert
"Concert Hall, Sydney Opera House",Fri 11 September,8:00pm,No,No,Mozart’s Requiem with Stephen Layton,"Mozart’s Requiem is a work of enduring intensity, pulsing with shadow and ceremony. Its opening chords descend like heavy steps. But this is not music of despair; it’s full of movement and fire, epitomised by the Dies Irae which races forward with haunting fury.",https://www.sydneysymphony.com/concerts/mozarts-requiem-with-stephen-layton
"Concert Hall, Sydney Opera House",Sat 12 September,10:00am,No,No,Carnival of the Animals,"What better way to introduce children to the sounds of the orchestra than Saint-Saëns’ beloved Carnival of the Animals? With plodding double-bass elephants, pecking piano-and-string hens and graceful cello swans, this piece has all the fun and fascination of a trip to the zoo. Alex Turley’s Animalia adds an Australian twist, weaving familiar sounds of our unique wildlife into a magical companion piece.",https://www.sydneysymphony.com/concerts/family-concert-carnival-of-the-animals-2026
"Concert Hall, Sydney Opera House",Sat 12 September,12:30pm,No,No,Carnival of the Animals,"What better way to introduce children to the sounds of the orchestra than Saint-Saëns’ beloved Carnival of the Animals? With plodding double-bass elephants, pecking piano-and-string hens and graceful cello swans, this piece has all the fun and fascination of a trip to the zoo. Alex Turley’s Animalia adds an Australian twist, weaving familiar sounds of our unique wildlife into a magical companion piece.",https://www.sydneysymphony.com/concerts/family-concert-carnival-of-the-animals-2026
"Concert Hall, Sydney Opera House",Sat 12 September,8:00pm,No,No,Mozart’s Requiem with Stephen Layton,"Mozart’s Requiem is a work of enduring intensity, pulsing with shadow and ceremony. Its opening chords descend like heavy steps. But this is not music of despair; it’s full of movement and fire, epitomised by the Dies Irae which races forward with haunting fury.",https://www.sydneysymphony.com/concerts/mozarts-requiem-with-stephen-layton
"Concert Hall, Sydney Opera House",Tue 15 September,7:00pm,No,No,Listen to This: Discover Beethoven,"Listen to This is an evening of musical discovery like no other, hosted by Conductor in Residence Benjamin Northey. Part performance, part guided tour, this unique event offers a behind-the-scenes look at how Beethoven’s music works.",https://www.sydneysymphony.com/concerts/discover-beethoven
"Concert Hall, Sydney Opera House",Fri 18 September,11:00am,No,No,Umberto Clerici conducts Dvořák,"The music that we hear as children is forever etched into our memories. Umberto Clerici conducts this richly textured program featuring music by two composers who grew up to conquer the world’s concert halls but who never forgot their roots in rural areas of eastern Europe. Dvořák’s Eighth Symphony is one of the cheeriest he ever wrote, drawing on the folk music of his native Bohemia to paint a vivid depiction of his people and his homeland. György Ligeti's Concert Românesc was equally inspired by his childhood in Transylvania (now in Romania) and the village bands he heard as a child.",https://www.sydneysymphony.com/concerts/umberto-clerici-conducts-dvorak
"Concert Hall, Sydney Opera House",Sat 19 September,7:00pm,No,No,Bryce Dessner’s Trembling Earth,"This richly textured program explores the enduring power of the natural world, from flowing rivers and oceans to forested mountains and fields. Umberto Clerici leads us into the lyricism of Dvořák’s Symphony No.8, a heartfelt celebration of Bohemia’s natural beauty. Alive with birdsong, rustic dances and sweeping melodies, its folk-infused tunes mirror Ligeti’s colourful Concert Românesc, a spirited glimpse of the composer before his avant-garde years",https://www.sydneysymphony.com/concerts/bryce-dessner-trembling-earth
"Concert Hall, Sydney Opera House",Sun 20 September,2:00pm,No,No,Bryce Dessner’s Trembling Earth,"This richly textured program explores the enduring power of the natural world, from flowing rivers and oceans to forested mountains and fields. Umberto Clerici leads us into the lyricism of Dvořák’s Symphony No.8, a heartfelt celebration of Bohemia’s natural beauty. Alive with birdsong, rustic dances and sweeping melodies, its folk-infused tunes mirror Ligeti’s colourful Concert Românesc, a spirited glimpse of the composer before his avant-garde years",https://www.sydneysymphony.com/concerts/bryce-dessner-trembling-earth
City Recital Hall,Thu 24 September,7:00pm,No,No,Bryce Dessner & the Sydney Symphony,"Known to many from American rock band The National, Dessner is also a leading figure in contemporary classical music. He ‘slips in and out of musical guises with disarming ease...his gorgeous and full-hearted music’ (NPR) blurring the lines between genres, shaped by collaborations with icons like Steve Reich and Philip Glass and composing for major orchestras and ensembles around the world.",https://www.sydneysymphony.com/concerts/bryce-dessner-sydney-symphony
Venue to be announced soon,Mon 28 September,10:00am,No,No,Junior Strings Workshop,"Designed for young string players at AMEB Level 3–5. Open to violin, viola, cello and double bass students, this workshop offers the chance to play alongside our Fellows and improve ensemble skills in a supportive and energetic setting.",https://www.sydneysymphony.com/concerts/junior-strings-workshop
Venue to be announced soon,Wed 30 September,10:00am,No,No,Young Musicians Workshop in 2026,"Our Young Musicians Workshop connects students with the talented musicians of the Sydney Symphony and the 2026 Sydney Symphony Fellows in a series of rehearsals, sectionals and masterclasses designed for intermediate and advanced students. Afterwards, a free concert for family and friends gives your students the chance to showcase their newly acquired skills.Please note that the following is a workshop, not a performance, and is only available for four (4) tickets per school.",https://www.sydneysymphony.com/concerts/young-musicians-workshop-2026
Venue to be announced soon,Thu 01 October,10:00am,No,No,Young Musicians Workshop in 2026,"Our Young Musicians Workshop connects students with the talented musicians of the Sydney Symphony and the 2026 Sydney Symphony Fellows in a series of rehearsals, sectionals and masterclasses designed for intermediate and advanced students. Afterwards, a free concert for family and friends gives your students the chance to showcase their newly acquired skills.Please note that the following is a workshop, not a performance, and is only available for four (4) tickets per school.",https://www.sydneysymphony.com/concerts/young-musicians-workshop-2026
Venue to be announced soon,Fri 02 October,10:00am,No,No,Young Musicians Workshop in 2026,"Our Young Musicians Workshop connects students with the talented musicians of the Sydney Symphony and the 2026 Sydney Symphony Fellows in a series of rehearsals, sectionals and masterclasses designed for intermediate and advanced students. Afterwards, a free concert for family and friends gives your students the chance to showcase their newly acquired skills.Please note that the following is a workshop, not a performance, and is only available for four (4) tickets per school.",https://www.sydneysymphony.com/concerts/young-musicians-workshop-2026
"Concert Hall, Sydney Opera House",Thu 08 October,7:00pm,No,No,Ying Fang sings Songs of the Auvergne,"Drawn from centuries-old folk melodies from the Auvergne region of France and sung in a local dialect, these 27 songs seem to emerge from the land itself, telling stories of shepherds, rivers and the slow rhythm of rural life, ‘rich with nostalgia and summer light’ (ABC Classic). Following her acclaimed Sydney Symphony debut with Sir Donald Runnicles in 2024, Chinese soprano Ying Fang returns with her ‘remarkable voice of polished delicacy, sweetness and strength without forcefulness’ (Sydney Morning Herald) – the ideal instrument to bring these exquisite pastoral scenes to life.",https://www.sydneysymphony.com/concerts/ying-fang-songs-of-the-auvergne
"Concert Hall, Sydney Opera House",Fri 09 October,7:00pm,No,No,Ying Fang sings Songs of the Auvergne,"Drawn from centuries-old folk melodies from the Auvergne region of France and sung in a local dialect, these 27 songs seem to emerge from the land itself, telling stories of shepherds, rivers and the slow rhythm of rural life, ‘rich with nostalgia and summer light’ (ABC Classic). Following her acclaimed Sydney Symphony debut with Sir Donald Runnicles in 2024, Chinese soprano Ying Fang returns with her ‘remarkable voice of polished delicacy, sweetness and strength without forcefulness’ (Sydney Morning Herald) – the ideal instrument to bring these exquisite pastoral scenes to life.",https://www.sydneysymphony.com/concerts/ying-fang-songs-of-the-auvergne
"Concert Hall, Sydney Opera House",Sat 10 October,2:00pm,No,No,Ying Fang sings Songs of the Auvergne,"Drawn from centuries-old folk melodies from the Auvergne region of France and sung in a local dialect, these 27 songs seem to emerge from the land itself, telling stories of shepherds, rivers and the slow rhythm of rural life, ‘rich with nostalgia and summer light’ (ABC Classic). Following her acclaimed Sydney Symphony debut with Sir Donald Runnicles in 2024, Chinese soprano Ying Fang returns with her ‘remarkable voice of polished delicacy, sweetness and strength without forcefulness’ (Sydney Morning Herald) – the ideal instrument to bring these exquisite pastoral scenes to life.",https://www.sydneysymphony.com/concerts/ying-fang-songs-of-the-auvergne
"Concert Hall, Sydney Opera House",Mon 12 October,7:00pm,No,No,Isata Kanneh-Mason in Recital,"Acclaimed as ‘a profound and greatly gifted artist’ (Gramophone) and ‘a pianist who makes lines sing beautifully and virtuosic passages dance,’ (BBC Music Magazine), this captivating pianist brings her energy and precision to the Sydney Opera House Concert Hall. The jaw-dropping virtuosity, power and nuance demanded by these big works makes this a program of exciting moments. Two of Beethoven’s best-loved sonatas, the shadowy, poetic Moonlight and the exuberant Waldstein, are paired with Ravel’s fiendishly difficult Gaspard de la Nuit – one of the most demanding pieces in the piano repertoire. In Isata’s hands, the vivid atmospheres and poignant intensity of these works become thrillingly present.",https://www.sydneysymphony.com/concerts/isata-kanneh-mason-in-recital
"Concert Hall, Sydney Opera House",Wed 14 October,8:00pm,No,No,Beethoven & Tchaikovsky,"Tchaikovsky’s Violin Concerto is one of the most famous in the violin repertoire, breath-taking whether you’re hearing it for the first time or the hundredth. The thrilling climax of the first movement, where the soloist’s runs are picked up by the orchestra, feels like a fire catching.",https://www.sydneysymphony.com/concerts/beethoven-tchaikovsky-2026
"Concert Hall, Sydney Opera House",Thu 15 October,1:30pm,No,No,Beethoven & Tchaikovsky,"Tchaikovsky’s Violin Concerto is one of the most famous in the violin repertoire, breath-taking whether you’re hearing it for the first time or the hundredth. The thrilling climax of the first movement, where the soloist’s runs are picked up by the orchestra, feels like a fire catching.",https://www.sydneysymphony.com/concerts/beethoven-tchaikovsky-2026
"Concert Hall, Sydney Opera House",Fri 16 October,8:00pm,No,No,Beethoven & Tchaikovsky,"Tchaikovsky’s Violin Concerto is one of the most famous in the violin repertoire, breath-taking whether you’re hearing it for the first time or the hundredth. The thrilling climax of the first movement, where the soloist’s runs are picked up by the orchestra, feels like a fire catching.",https://www.sydneysymphony.com/concerts/beethoven-tchaikovsky-2026
St James' King St,Sat 17 October,5:00pm,No,No,Fellows Farewell,"We bid our 2026 Fellows farewell with their final performance of the year. Hear everything they have learned over the course of their Fellowship, and see the chemistry and understanding that has built up within the cohort across all their many hours of performing together in concerts of every shape and size.",https://www.sydneysymphony.com/concerts/fellows-farewell-2026
"Concert Hall, Sydney Opera House",Sat 17 October,8:00pm,No,No,Beethoven & Tchaikovsky,"Tchaikovsky’s Violin Concerto is one of the most famous in the violin repertoire, breath-taking whether you’re hearing it for the first time or the hundredth. The thrilling climax of the first movement, where the soloist’s runs are picked up by the orchestra, feels like a fire catching.",https://www.sydneysymphony.com/concerts/beethoven-tchaikovsky-2026
"Concert Hall, Sydney Opera House",Wed 21 October,7:00pm,No,No,Star Wars: The Empire Strikes Back in Concert,"The battle for the galaxy intensifies in this thrilling fifth episode of the unfolding saga, with John Williams’ iconic score performed live to film by the Sydney Symphony Orchestra. As Imperial Forces launch an all-out attack on the Rebel Alliance, Han Solo (Harrison Ford) and Princess Leia (Carrie Fisher) flee to Cloud City where they are captured by Darth Vader. Luke Skywalker (Mark Hamill) journeys to the mysterious, marshy planet of Dagobah, where the wise Jedi Master Yoda teaches the young hero the ways of the Force.",https://www.sydneysymphony.com/concerts/star-wars-the-empire-strikes-back
"Concert Hall, Sydney Opera House",Thu 22 October,7:00pm,No,No,Star Wars: The Empire Strikes Back in Concert,"The battle for the galaxy intensifies in this thrilling fifth episode of the unfolding saga, with John Williams’ iconic score performed live to film by the Sydney Symphony Orchestra. As Imperial Forces launch an all-out attack on the Rebel Alliance, Han Solo (Harrison Ford) and Princess Leia (Carrie Fisher) flee to Cloud City where they are captured by Darth Vader. Luke Skywalker (Mark Hamill) journeys to the mysterious, marshy planet of Dagobah, where the wise Jedi Master Yoda teaches the young hero the ways of the Force.",https://www.sydneysymphony.com/concerts/star-wars-the-empire-strikes-back
"Utzon Room, Sydney Opera House",Fri 23 October,6:00pm,No,No,Cocktail Hour with David Campbell,"Musical inspirations and influences come in many different forms, as shown by this exciting concert. Ástor Piazzolla brought tango out of the slums of Argentina and into concert halls, formalising and expanding its soundworld. Standing by his side for much of his career was double bass player Enrique ‘Kicho’ Díaz, for whom this virtuosic solo work was composed.",https://www.sydneysymphony.com/concerts/cocktail-hour-with-david-campbell
"Concert Hall, Sydney Opera House",Fri 23 October,7:00pm,No,No,Star Wars: The Empire Strikes Back in Concert,"The battle for the galaxy intensifies in this thrilling fifth episode of the unfolding saga, with John Williams’ iconic score performed live to film by the Sydney Symphony Orchestra. As Imperial Forces launch an all-out attack on the Rebel Alliance, Han Solo (Harrison Ford) and Princess Leia (Carrie Fisher) flee to Cloud City where they are captured by Darth Vader. Luke Skywalker (Mark Hamill) journeys to the mysterious, marshy planet of Dagobah, where the wise Jedi Master Yoda teaches the young hero the ways of the Force.",https://www.sydneysymphony.com/concerts/star-wars-the-empire-strikes-back
"Concert Hall, Sydney Opera House",Sat 24 October,2:00pm,No,No,Star Wars: The Empire Strikes Back in Concert,"The battle for the galaxy intensifies in this thrilling fifth episode of the unfolding saga, with John Williams’ iconic score performed live to film by the Sydney Symphony Orchestra. As Imperial Forces launch an all-out attack on the Rebel Alliance, Han Solo (Harrison Ford) and Princess Leia (Carrie Fisher) flee to Cloud City where they are captured by Darth Vader. Luke Skywalker (Mark Hamill) journeys to the mysterious, marshy planet of Dagobah, where the wise Jedi Master Yoda teaches the young hero the ways of the Force.",https://www.sydneysymphony.com/concerts/star-wars-the-empire-strikes-back
"Utzon Room, Sydney Opera House",Sat 24 October,6:00pm,No,No,Cocktail Hour with David Campbell,"Musical inspirations and influences come in many different forms, as shown by this exciting concert. Ástor Piazzolla brought tango out of the slums of Argentina and into concert halls, formalising and expanding its soundworld. Standing by his side for much of his career was double bass player Enrique ‘Kicho’ Díaz, for whom this virtuosic solo work was composed.",https://www.sydneysymphony.com/concerts/cocktail-hour-with-david-campbell
"Concert Hall, Sydney Opera House",Sat 24 October,7:00pm,No,No,Star Wars: The Empire Strikes Back in Concert,"The battle for the galaxy intensifies in this thrilling fifth episode of the unfolding saga, with John Williams’ iconic score performed live to film by the Sydney Symphony Orchestra. As Imperial Forces launch an all-out attack on the Rebel Alliance, Han Solo (Harrison Ford) and Princess Leia (Carrie Fisher) flee to Cloud City where they are captured by Darth Vader. Luke Skywalker (Mark Hamill) journeys to the mysterious, marshy planet of Dagobah, where the wise Jedi Master Yoda teaches the young hero the ways of the Force.",https://www.sydneysymphony.com/concerts/star-wars-the-empire-strikes-back
"Concert Hall, Sydney Opera House",Mon 26 October,7:00pm,No,No,The Voice of Bryn Terfel,"Known around the world for his vocal power and magnetic presence, Bryn is a true master of song. This recital is a rare opportunity to hear Bryn up close, performing music that means a lot to him – from traditional Welsh folk tunes that echo of home to hits from musical theatre and classical lieder. His extraordinary voice will fill the Sydney Opera House Concert Hall, every facet of his extraordinary instrument shining bright.",https://www.sydneysymphony.com/concerts/the-voice-of-bryn-terfel
"Concert Hall, Sydney Opera House",Tue 27 October,7:00pm,No,No,Masterclass with Bryn Terfel,"One of the greatest voices in all of music, Sir Bryn Terfel has been thrilling audiences around the world for decades – whether in musical theatre, opera, Welsh folk songs and more. In this masterclass he shares performance skills and musical insights with the next generation of great singers – and you can be there to experience it too.",https://www.sydneysymphony.com/concerts/masterclass-with-bryn-terfel
"Concert Hall, Sydney Opera House",Wed 28 October,7:00pm,No,No,Open Rehearsal with Simone Young,"Come behind the scenes as Chief Conductor Simone Young prepares the Orchestra, Sydney Philharmonia Choirs and this world-class cast of soloists to perform Mendelssohn’s powerful oratorio Elijah. Take your seat in the Lower Circle and see for yourself the meticulous preparation required to realise this magnificent work. Listen as the music is taken apart, examined and put back together again and marvel at the interweaving of scores of instruments and voices.",https://www.sydneysymphony.com/concerts/open-rehearsal-with-simone-young
"Studio, Sydney Opera House",Fri 30 October,10:00am,No,No,"For Schools: Ready, Set, Listen! The Planets","Ready, Set, Listen! is our brand new series of 30-minute concerts specially created for students in K–2 and featuring beloved children’s entertainer Emily Who. Each performance centres around a piece of core classical repertoire arranged for a smaller ensemble, specially adapted for young ears and imaginations.",https://www.sydneysymphony.com/concerts/ready-set-listen-the-planets-schools-concert
"Studio, Sydney Opera House",Fri 30 October,11:30am,No,No,"For Schools: Ready, Set, Listen! The Planets","Ready, Set, Listen! is our brand new series of 30-minute concerts specially created for students in K–2 and featuring beloved children’s entertainer Emily Who. Each performance centres around a piece of core classical repertoire arranged for a smaller ensemble, specially adapted for young ears and imaginations.",https://www.sydneysymphony.com/concerts/ready-set-listen-the-planets-schools-concert
"Studio, Sydney Opera House",Fri 30 October,1:00pm,No,No,"For Schools: Ready, Set, Listen! The Planets","Ready, Set, Listen! is our brand new series of 30-minute concerts specially created for students in K–2 and featuring beloved children’s entertainer Emily Who. Each performance centres around a piece of core classical repertoire arranged for a smaller ensemble, specially adapted for young ears and imaginations.",https://www.sydneysymphony.com/concerts/ready-set-listen-the-planets-schools-concert
"Concert Hall, Sydney Opera House",Fri 30 October,7:00pm,No,No,Mendelssohn’s Elijah with Bryn Terfel,"Inspired by Handel’s Messiah, Mendelssohn’s Elijah is a towering creation of exquisite music for voices and orchestra. This is your chance to hear the phenomenal Welsh bass-baritone Sir Bryn Terfel in one of his signature roles, his remarkable voice rising through storms and soaring choral forces as the mighty prophet faces kings, summons lightning and sinks into doubt.",https://www.sydneysymphony.com/concerts/mendelssohns-elijah-bryn-terfel
"Studio, Sydney Opera House",Sat 31 October,10:00am,No,No,"Ready, Set, Listen! The Planets","Holst’s iconic The Planets is one of the best-loved pieces of music ever written. Full of memorable melodies and dramatic moments, you can almost see our solar system spinning around you as you listen.",https://www.sydneysymphony.com/concerts/ready-set-listen-the-planets-2026
"Studio, Sydney Opera House",Sat 31 October,11:30am,No,No,"Ready, Set, Listen! The Planets","Holst’s iconic The Planets is one of the best-loved pieces of music ever written. Full of memorable melodies and dramatic moments, you can almost see our solar system spinning around you as you listen.",https://www.sydneysymphony.com/concerts/ready-set-listen-the-planets-2026
"Studio, Sydney Opera House",Sat 31 October,1:00pm,No,No,"Ready, Set, Listen! The Planets","Holst’s iconic The Planets is one of the best-loved pieces of music ever written. Full of memorable melodies and dramatic moments, you can almost see our solar system spinning around you as you listen.",https://www.sydneysymphony.com/concerts/ready-set-listen-the-planets-2026
"Concert Hall, Sydney Opera House",Sat 31 October,7:00pm,No,No,Mendelssohn’s Elijah with Bryn Terfel,"Inspired by Handel’s Messiah, Mendelssohn’s Elijah is a towering creation of exquisite music for voices and orchestra. This is your chance to hear the phenomenal Welsh bass-baritone Sir Bryn Terfel in one of his signature roles, his remarkable voice rising through storms and soaring choral forces as the mighty prophet faces kings, summons lightning and sinks into doubt.",https://www.sydneysymphony.com/concerts/mendelssohns-elijah-bryn-terfel
"Concert Hall, Sydney Opera House",Fri 06 November,11:00am,No,No,Simone Young conducts Mozart & Bach,"The music of fast-emerging Sydney composer Ella Macens inspires awe and stillness, an exquisite contemporary counterpoint to JS Bach’s Third Orchestral Suite; swirling with joyful ceremony and crowned by the quietly powerful Air, one of the most cherished movements in Baroque music. Then we hear Mozart at his peak – mercurial and majestic. Symphony No.39 is a radiant gem, moving from slow grandeur to light, dancing rhythms in a masterclass of contrast and invention.",https://www.sydneysymphony.com/concerts/simone-young-mozart-bach
"Concert Hall, Sydney Opera House",Sat 07 November,7:00pm,No,No,Simone Young conducts Mozart & Bach,"The music of fast-emerging Sydney composer Ella Macens inspires awe and stillness, an exquisite contemporary counterpoint to JS Bach’s Third Orchestral Suite; swirling with joyful ceremony and crowned by the quietly powerful Air, one of the most cherished movements in Baroque music. Then we hear Mozart at his peak – mercurial and majestic. Symphony No.39 is a radiant gem, moving from slow grandeur to light, dancing rhythms in a masterclass of contrast and invention.",https://www.sydneysymphony.com/concerts/simone-young-mozart-bach
"Concert Hall, Sydney Opera House",Sun 08 November,2:00pm,No,No,Simone Young conducts Mozart & Bach,"The music of fast-emerging Sydney composer Ella Macens inspires awe and stillness, an exquisite contemporary counterpoint to JS Bach’s Third Orchestral Suite; swirling with joyful ceremony and crowned by the quietly powerful Air, one of the most cherished movements in Baroque music. Then we hear Mozart at his peak – mercurial and majestic. Symphony No.39 is a radiant gem, moving from slow grandeur to light, dancing rhythms in a masterclass of contrast and invention.",https://www.sydneysymphony.com/concerts/simone-young-mozart-bach
"Concert Hall, Sydney Opera House",Thu 19 November,4:00pm,No,No,Simone Young conducts Götterdämmerung,"This is a work of stunning scale and impact that takes performers and audience alike to the extremes of the human experience. Buzzing with melancholy, Siegfried’s funeral march is atmospheric, while the climax of Brünnhilde’s final fiery moments swirl around you like the wind.",https://www.sydneysymphony.com/concerts/simone-young-conducts-gotterdammerung
"Concert Hall, Sydney Opera House",Sun 22 November,2:00pm,No,No,Simone Young conducts Götterdämmerung,"This is a work of stunning scale and impact that takes performers and audience alike to the extremes of the human experience. Buzzing with melancholy, Siegfried’s funeral march is atmospheric, while the climax of Brünnhilde’s final fiery moments swirl around you like the wind.",https://www.sydneysymphony.com/concerts/simone-young-conducts-gotterdammerung
Coliseum Theatre,Thu 26 November,7:00pm,No,No,The Sydney Symphony performs Max Richter’s Four Seasons,"The natural world has inspired artists, writers and composers for centuries. But rarely has it been captured more vividly than in Vivaldi’s Four Seasons. The warm glow of summer, the biting winds of winter, the soft descent of autumn and the bursting joy of spring.",https://www.sydneysymphony.com/concerts/max-richter-the-four-seasons-2026
Newcastle City Hall,Thu 26 November,7:00pm,No,No,The Sydney Symphony performs Max Richter’s Four Seasons,"The natural world has inspired artists, writers and composers for centuries. But rarely has it been captured more vividly than in Vivaldi’s Four Seasons. The warm glow of summer, the biting winds of winter, the soft descent of autumn and the bursting joy of spring.",https://www.sydneysymphony.com/concerts/max-richter-the-four-seasons-2026
Coliseum Theatre,Fri 27 November,7:00pm,No,No,The Sydney Symphony performs Max Richter’s Four Seasons,"The natural world has inspired artists, writers and composers for centuries. But rarely has it been captured more vividly than in Vivaldi’s Four Seasons. The warm glow of summer, the biting winds of winter, the soft descent of autumn and the bursting joy of spring.",https://www.sydneysymphony.com/concerts/max-richter-the-four-seasons-2026
Newcastle City Hall,Fri 27 November,7:00pm,No,No,The Sydney Symphony performs Max Richter’s Four Seasons,"The natural world has inspired artists, writers and composers for centuries. But rarely has it been captured more vividly than in Vivaldi’s Four Seasons. The warm glow of summer, the biting winds of winter, the soft descent of autumn and the bursting joy of spring.",https://www.sydneysymphony.com/concerts/max-richter-the-four-seasons-2026
Coliseum Theatre,Sat 28 November,11:30am,No,No,Forces of Nature,"The natural world has inspired artists, writers and composers for centuries. But rarely has it been captured more vividly than in Vivaldi’s Four Seasons: the warm glow of summer, the biting winds of winter, the soft descent of autumn and the bursting joy of spring.",https://www.sydneysymphony.com/concerts/family-concerts-forces-of-nature
