venue,date,time,interested,sold_out,title,desc,url
"Concert Hall, Sydney Opera House",Wed 19 February,8:00pm,No,No,Simone Young conducts Mahler’s Third Symphony,"The eight horns opening Mahler’s Third Symphony set the tone for the monumental drama about to unfold. Bold and glowing, with just a hint of suspense, it’s a riveting introduction to our 2025 Season. With Mahler’s Third, Simone Young brings her formidable experience to the composer’s longest and most ambitious symphony. She commands a full orchestra, two choirs and a vocal soloist to create an unforgettable journey through Mahler’s rich, interconnected worlds. Everything unfolds in an expanding universe of fascinating stories and breathtaking landscapes, from contralto Noa Beinart’s solo in the shimmering, nocturnal fourth movement, to the innocent wonder of the choir of women and children in the fifth movement. This concert throws back the curtain on a magnificent year full of music you’ll love, with moments of startling power and feeling. Don’t miss your chance to hear one of the world’s greatest conductors of Mahler in her element.",https://www.sydneysymphony.com/concerts/simone-young-conducts-mahlers-third-symphony
"Concert Hall, Sydney Opera House",Thu 20 February,1:30pm,No,No,Simone Young conducts Mahler’s Third Symphony,"The eight horns opening Mahler’s Third Symphony set the tone for the monumental drama about to unfold. Bold and glowing, with just a hint of suspense, it’s a riveting introduction to our 2025 Season. With Mahler’s Third, Simone Young brings her formidable experience to the composer’s longest and most ambitious symphony. She commands a full orchestra, two choirs and a vocal soloist to create an unforgettable journey through Mahler’s rich, interconnected worlds. Everything unfolds in an expanding universe of fascinating stories and breathtaking landscapes, from contralto Noa Beinart’s solo in the shimmering, nocturnal fourth movement, to the innocent wonder of the choir of women and children in the fifth movement. This concert throws back the curtain on a magnificent year full of music you’ll love, with moments of startling power and feeling. Don’t miss your chance to hear one of the world’s greatest conductors of Mahler in her element.",https://www.sydneysymphony.com/concerts/simone-young-conducts-mahlers-third-symphony
"Concert Hall, Sydney Opera House",Fri 21 February,8:00pm,No,No,Simone Young conducts Mahler’s Third Symphony,"The eight horns opening Mahler’s Third Symphony set the tone for the monumental drama about to unfold. Bold and glowing, with just a hint of suspense, it’s a riveting introduction to our 2025 Season. With Mahler’s Third, Simone Young brings her formidable experience to the composer’s longest and most ambitious symphony. She commands a full orchestra, two choirs and a vocal soloist to create an unforgettable journey through Mahler’s rich, interconnected worlds. Everything unfolds in an expanding universe of fascinating stories and breathtaking landscapes, from contralto Noa Beinart’s solo in the shimmering, nocturnal fourth movement, to the innocent wonder of the choir of women and children in the fifth movement. This concert throws back the curtain on a magnificent year full of music you’ll love, with moments of startling power and feeling. Don’t miss your chance to hear one of the world’s greatest conductors of Mahler in her element.",https://www.sydneysymphony.com/concerts/simone-young-conducts-mahlers-third-symphony
"Concert Hall, Sydney Opera House",Sat 22 February,8:00pm,No,No,Simone Young conducts Mahler’s Third Symphony,"The eight horns opening Mahler’s Third Symphony set the tone for the monumental drama about to unfold. Bold and glowing, with just a hint of suspense, it’s a riveting introduction to our 2025 Season. With Mahler’s Third, Simone Young brings her formidable experience to the composer’s longest and most ambitious symphony. She commands a full orchestra, two choirs and a vocal soloist to create an unforgettable journey through Mahler’s rich, interconnected worlds. Everything unfolds in an expanding universe of fascinating stories and breathtaking landscapes, from contralto Noa Beinart’s solo in the shimmering, nocturnal fourth movement, to the innocent wonder of the choir of women and children in the fifth movement. This concert throws back the curtain on a magnificent year full of music you’ll love, with moments of startling power and feeling. Don’t miss your chance to hear one of the world’s greatest conductors of Mahler in her element.",https://www.sydneysymphony.com/concerts/simone-young-conducts-mahlers-third-symphony
"Concert Hall, Sydney Opera House",Fri 28 February,7:00pm,No,No,Simone Young conducts Elgar & Vaughan Williams,"Experience the best of British with two rare gems by Elgar and Vaughan Williams, masterfully led by Chief Conductor Simone Young, alongside the world premiere of Australian composer Carl Vine’s Dreams Undreamt. With its intertwining passages of mystery and nostalgia this is music of emotional depth, and the memory of the ethereal melody in the second movement will linger long after the final note fades. The Sydney Symphony Orchestra’s ‘charismatic and brilliant’ (The Sunday Times) Concertmaster Andrew Haveron takes centre stage as soloist in this exquisite concerto. As Vaughan Williams’ Pastoral Symphony weaves its lush tapestry, a solo trumpet elegy recalling the Last Post reminds us that these exquisite images are anchored in the composer’s experiences of the First World War. It’s a poignant moment that strikes at the heart and powerfully demonstrates the way beauty and sadness are often inextricably linked. After rave reviews for her interpretation of Vaughan Williams’ Eighth Symphony in 2023, Simone Young continues her exploration of the music of this great English composer and paints a picture in sound that will be hard to resist.",https://www.sydneysymphony.com/concerts/simone-young-conducts-elgar-vaughan-williams
"Concert Hall, Sydney Opera House",Sat 01 March,7:00pm,No,No,Simone Young conducts Elgar & Vaughan Williams,"Experience the best of British with two rare gems by Elgar and Vaughan Williams, masterfully led by Chief Conductor Simone Young, alongside the world premiere of Australian composer Carl Vine’s Dreams Undreamt. With its intertwining passages of mystery and nostalgia this is music of emotional depth, and the memory of the ethereal melody in the second movement will linger long after the final note fades. The Sydney Symphony Orchestra’s ‘charismatic and brilliant’ (The Sunday Times) Concertmaster Andrew Haveron takes centre stage as soloist in this exquisite concerto. As Vaughan Williams’ Pastoral Symphony weaves its lush tapestry, a solo trumpet elegy recalling the Last Post reminds us that these exquisite images are anchored in the composer’s experiences of the First World War. It’s a poignant moment that strikes at the heart and powerfully demonstrates the way beauty and sadness are often inextricably linked. After rave reviews for her interpretation of Vaughan Williams’ Eighth Symphony in 2023, Simone Young continues her exploration of the music of this great English composer and paints a picture in sound that will be hard to resist.",https://www.sydneysymphony.com/concerts/simone-young-conducts-elgar-vaughan-williams
"Concert Hall, Sydney Opera House",Sun 02 March,2:00pm,No,No,Simone Young conducts Elgar & Vaughan Williams,"Experience the best of British with two rare gems by Elgar and Vaughan Williams, masterfully led by Chief Conductor Simone Young, alongside the world premiere of Australian composer Carl Vine’s Dreams Undreamt. With its intertwining passages of mystery and nostalgia this is music of emotional depth, and the memory of the ethereal melody in the second movement will linger long after the final note fades. The Sydney Symphony Orchestra’s ‘charismatic and brilliant’ (The Sunday Times) Concertmaster Andrew Haveron takes centre stage as soloist in this exquisite concerto. As Vaughan Williams’ Pastoral Symphony weaves its lush tapestry, a solo trumpet elegy recalling the Last Post reminds us that these exquisite images are anchored in the composer’s experiences of the First World War. It’s a poignant moment that strikes at the heart and powerfully demonstrates the way beauty and sadness are often inextricably linked. After rave reviews for her interpretation of Vaughan Williams’ Eighth Symphony in 2023, Simone Young continues her exploration of the music of this great English composer and paints a picture in sound that will be hard to resist.",https://www.sydneysymphony.com/concerts/simone-young-conducts-elgar-vaughan-williams
"Concert Hall, Sydney Opera House",Thu 06 March,7:00pm,No,No,James Ehnes performs Brahms’ Violin Concerto,"The soaring first movement of Brahms’ Violin Concerto is worth the price of admission alone. It’s a breathtaking introduction to one of the most incredible concertos ever written. And in the hands of Canadian violin virtuoso James Ehnes, it leaps off the stage. Rising star Finnegan Downie Dear, a protégé of Simone Young, conducts Ehnes in this concert of evocative works by master storytellers. He takes us from the Hungarian folk music-infused passages of Brahms’ concerto to Rimsky-Korsakov’s spirited Capriccio espagnol, complete with violins and cellos imitating Spanish guitars. And kicking off a year of celebrations for the 150th birthday of the great French composer Maurice Ravel (born 7 March 1875), his Mother Goose – with its cast of fairy-tale characters including Sleeping Beauty, Tom Thumb and Beauty and the Beast – captures his trademark charm and rich orchestral colour. Enchanting from start to finish.",https://www.sydneysymphony.com/concerts/james-ehnes-brahms-violin-concerto
"Concert Hall, Sydney Opera House",Fri 07 March,11:00am,No,No,James Ehnes performs Brahms’ Violin Concerto,"The soaring first movement of Brahms’ Violin Concerto is worth the price of admission alone. It’s a breathtaking introduction to one of the most incredible concertos ever written. And in the hands of Canadian violin virtuoso James Ehnes, it leaps off the stage. Rising star Finnegan Downie Dear, a protégé of Simone Young, conducts Ehnes in this concert of evocative works by master storytellers. He takes us from the Hungarian folk music-infused passages of Brahms’ concerto to Rimsky-Korsakov’s spirited Capriccio espagnol, complete with violins and cellos imitating Spanish guitars. And kicking off a year of celebrations for the 150th birthday of the great French composer Maurice Ravel (born 7 March 1875), his Mother Goose – with its cast of fairy-tale characters including Sleeping Beauty, Tom Thumb and Beauty and the Beast – captures his trademark charm and rich orchestral colour. Enchanting from start to finish.",https://www.sydneysymphony.com/concerts/james-ehnes-brahms-violin-concerto
"Utzon Room, Sydney Opera House",Fri 07 March,6:00pm,No,No,Boccherini & Berwald,"Discover two seldom-performed gems by Luigi Boccherini and Franz Berwald in this chamber music concert full of beautiful melodies, performed in the Sydney Opera House Utzon Room. Liszt once told Berwald, ‘You have true originality, but you will not be a success in your own lifetime.’ This proved sadly accurate, but nearly 150 years after his death Berwald’s music is finally getting the attention it deserves. The music of Italian composer Luigi Boccherini undoubtedly comes from the Classical era of Haydn and Mozart, brimming with energy and verve. This String Quintet is charming and optimistic, with rich, five-part harmonies that remind us that Boccherini was a virtuoso cellist as well as composer, and greatly expanded the expressive potential of his instrument – especially in chamber music.",https://www.sydneysymphony.com/concerts/boccherini-berwald
"Concert Hall, Sydney Opera House",Sat 08 March,2:00pm,No,No,James Ehnes performs Brahms’ Violin Concerto,"The soaring first movement of Brahms’ Violin Concerto is worth the price of admission alone. It’s a breathtaking introduction to one of the most incredible concertos ever written. And in the hands of Canadian violin virtuoso James Ehnes, it leaps off the stage. Rising star Finnegan Downie Dear, a protégé of Simone Young, conducts Ehnes in this concert of evocative works by master storytellers. He takes us from the Hungarian folk music-infused passages of Brahms’ concerto to Rimsky-Korsakov’s spirited Capriccio espagnol, complete with violins and cellos imitating Spanish guitars. And kicking off a year of celebrations for the 150th birthday of the great French composer Maurice Ravel (born 7 March 1875), his Mother Goose – with its cast of fairy-tale characters including Sleeping Beauty, Tom Thumb and Beauty and the Beast – captures his trademark charm and rich orchestral colour. Enchanting from start to finish.",https://www.sydneysymphony.com/concerts/james-ehnes-brahms-violin-concerto
"Utzon Room, Sydney Opera House",Sat 08 March,6:00pm,No,No,Boccherini & Berwald,"Discover two seldom-performed gems by Luigi Boccherini and Franz Berwald in this chamber music concert full of beautiful melodies, performed in the Sydney Opera House Utzon Room. Liszt once told Berwald, ‘You have true originality, but you will not be a success in your own lifetime.’ This proved sadly accurate, but nearly 150 years after his death Berwald’s music is finally getting the attention it deserves. The music of Italian composer Luigi Boccherini undoubtedly comes from the Classical era of Haydn and Mozart, brimming with energy and verve. This String Quintet is charming and optimistic, with rich, five-part harmonies that remind us that Boccherini was a virtuoso cellist as well as composer, and greatly expanded the expressive potential of his instrument – especially in chamber music.",https://www.sydneysymphony.com/concerts/boccherini-berwald
City Recital Hall,Thu 20 March,7:00pm,No,No,Glowing Brass in the City,"Experience the world-class brass musicians of the Sydney Symphony Orchestra at their best in this glowing all-brass concert. It was artworks by his friend Viktor Hartmann that inspired Mussorgsky to write Pictures at an Exhibition, and the brilliant musical colours of the brass will bring them to life. The towering final movement, The Great Gate of Kyiv, is one of classical music's best-loved moments, and is even more spectacular as a brass-only fanfare. The music of the Baroque is known for being grand, bright and sparkling – qualities ideally suited to brass instruments. Each member of the section gets to shine in this enchanting and elegant suite of music from Purcell’s The Fairy Queen, which borrows elements from theatrical dances to create a tremendous sense of energy and movement. Coupled with gorgeous shorter works by John Williams and Morten Lauridsen, there is no music better suited to the rich, glowing soundworld of brass instruments than these shimmering classics.",https://www.sydneysymphony.com/concerts/glowing-brass-in-the-city
City Recital Hall,Wed 26 March,7:00pm,No,No,Schubert’s Winterreise: Trifonov & Goerne in Recital,"Schubert’s evocative and intensely moving Winterreise follows our protagonist’s journey to forget a lost love. With one lone voice accompanied by one single piano, this cycle of 24 songs takes us through a bleak, wintry landscape, exploring hope, despair and fate along the way. This soulful meditation on existence will be performed by one of the world’s greatest singers, Matthias Goerne. The German baritone has recorded this work twice before and has been hailed as 'one of the best modern interpreters of this music’ (Audiophile Audition). Accompanied by superb pianist and frequent collaborator Daniil Trifonov, Winterreise is a rare event, and a beautiful, aching journey through the intoxicating experience of love. Written to be performed in an intimate setting, there’s no venue better suited to experience this extraordinary work and these phenomenal artists than the City Recital Hall.",https://www.sydneysymphony.com/concerts/schuberts-winterreise-trifonov-goerne-recital
"Concert Hall, Sydney Opera House",Fri 28 March,7:00pm,No,No,Daniil Trifonov performs Rachmaninov,"The Times (London) calls Daniil Trifonov ‘the most astounding pianist of our age.’ In his first appearance with the Sydney Symphony Orchestra since 2017, the Grammy Award-winning performer tackles Rachmaninov’s final Piano Concerto, a piece that showcases Trifonov’s tremendous ability in spirited dialogue with the world-class musicians of our Orchestra. Rachmaninov was also one of the greatest pianists of all time, and his pieces are a test even for seasoned performers. ‘Few artists have burst onto the classical music scene in recent years with the incandescence’ of Daniil Trifonov, wrote The New York Times. This is your chance to experience all the passion and power of a true virtuoso. Liadov’s The Enchanted Lake will draw you into its magical depths, and Berlioz’s Symphonie fantastique is packed with gorgeous, energetic melodies – perfect partners to Rachmaninov’s concerto in this concert that will leave you glowing.",https://www.sydneysymphony.com/concerts/daniil-trifonov-performs-rachmaninov
"Concert Hall, Sydney Opera House",Sat 29 March,7:00pm,No,No,Daniil Trifonov performs Rachmaninov,"The Times (London) calls Daniil Trifonov ‘the most astounding pianist of our age.’ In his first appearance with the Sydney Symphony Orchestra since 2017, the Grammy Award-winning performer tackles Rachmaninov’s final Piano Concerto, a piece that showcases Trifonov’s tremendous ability in spirited dialogue with the world-class musicians of our Orchestra. Rachmaninov was also one of the greatest pianists of all time, and his pieces are a test even for seasoned performers. ‘Few artists have burst onto the classical music scene in recent years with the incandescence’ of Daniil Trifonov, wrote The New York Times. This is your chance to experience all the passion and power of a true virtuoso. Liadov’s The Enchanted Lake will draw you into its magical depths, and Berlioz’s Symphonie fantastique is packed with gorgeous, energetic melodies – perfect partners to Rachmaninov’s concerto in this concert that will leave you glowing.",https://www.sydneysymphony.com/concerts/daniil-trifonov-performs-rachmaninov
City Recital Hall,Sun 30 March,2:00pm,No,No,Schubert’s Swan Songs: Trifonov & Goerne in Recital,"A composer’s final works are often their most captivating, with a lifetime of experience reflected in exquisite technique. Partly because of his fame as a songwriter, Schubert’s piano music was overshadowed in his too-short lifetime. But today, his 21st and final Piano Sonata is acknowledged as one of the great landmarks in the repertoire. These extraordinary pieces will be brought to life by two phenomenal performers in this glittering recital: Matthias Goerne, one of the world's greatest lieder singers, and internationally acclaimed pianist Daniil Trifonov. Alone, either of these superb masterpieces is thrilling to witness; experiencing them together in an intimate recital is truly something special.",https://www.sydneysymphony.com/concerts/swansongs-trifonov-goerne-recital
City Recital Hall,Mon 07 April,7:00pm,No,No,Lise de la Salle in Recital,"Gramophone magazine calls Lise de la Salle ‘a talent in a million.’ Since her first concert at just nine years old she’s performed at the great concert houses of the world, including the Berlin Philharmonie and the Hollywood Bowl – and now it’s your turn to see this extraordinary artist in person, up close and personal at the City Recital Hall. Liszt was possibly the greatest pianist of his time, and his own compositions hint at his tremendous talent. His Piano Sonata is one of his most ambitious works, and his Réminiscences de Don Juan, which paraphrases arias from Mozart's Don Giovanni, almost literally makes the piano sing. Chopin was another great pianist/composer, and his Ballades may be his greatest achievements. Passionate and expansive, and fiendishly difficult to perform, they remain one of the yardsticks by which all pianists measure themselves. Full of jaw-dropping moments of virtuosity, this is a thrilling recital for any music lover.",https://www.sydneysymphony.com/concerts/lise-delasalle-in-recital
"Concert Hall, Sydney Opera House",Wed 09 April,8:00pm,No,No,Mozart & Bruckner,"Experience the expressive range and power of the Sydney Symphony Orchestra, from Mozart’s effervescent Piano Concerto No.19 to Bruckner’s magnificent wall of sound in his Seventh Symphony, and the world premiere of Blue Light Sphere by Australian composer Kate Moore. His Piano Concerto No.19 is full of showstopping virtuosity, particularly in the final movement where the pace picks up and the soloist can really let loose. Star French pianist Lise de la Salle has been dazzling audiences since the age of nine and this piece is the perfect showcase for her prodigious talent in her Sydney Symphony debut. Bruckner’s symphonies are awe-inspiring experiences, every bit as powerful and moving as those of his close friend and student Gustav Mahler. After our immersion in Mahler in recent seasons, the Sydney Symphony is ideally placed to tackle this gigantic piece. You’ll find yourself pinned to your seat as the scale of his Seventh Symphony rolls over you. The ending of the first movement, with its cascading rivers of glowing brass and shimmering strings, hits with the intensity of first love. Like so many moments in this concert, it is glittering and powerful.",https://www.sydneysymphony.com/concerts/mozart-bruckner-2025
"Concert Hall, Sydney Opera House",Thu 10 April,1:30pm,No,No,Mozart & Bruckner,"Experience the expressive range and power of the Sydney Symphony Orchestra, from Mozart’s effervescent Piano Concerto No.19 to Bruckner’s magnificent wall of sound in his Seventh Symphony, and the world premiere of Blue Light Sphere by Australian composer Kate Moore. His Piano Concerto No.19 is full of showstopping virtuosity, particularly in the final movement where the pace picks up and the soloist can really let loose. Star French pianist Lise de la Salle has been dazzling audiences since the age of nine and this piece is the perfect showcase for her prodigious talent in her Sydney Symphony debut. Bruckner’s symphonies are awe-inspiring experiences, every bit as powerful and moving as those of his close friend and student Gustav Mahler. After our immersion in Mahler in recent seasons, the Sydney Symphony is ideally placed to tackle this gigantic piece. You’ll find yourself pinned to your seat as the scale of his Seventh Symphony rolls over you. The ending of the first movement, with its cascading rivers of glowing brass and shimmering strings, hits with the intensity of first love. Like so many moments in this concert, it is glittering and powerful.",https://www.sydneysymphony.com/concerts/mozart-bruckner-2025
"Concert Hall, Sydney Opera House",Fri 11 April,11:00am,No,No,"Bach, Stravinsky & Spohr","Bright and brimming with talent, our 2025 Fellows join the musicians of the Sydney Symphony to perform chamber orchestra masterpieces by Bach, Stravinsky, Monteverdi and Spohr in this hugely entertaining concert. Bach’s Brandenburg Concerto No.3 is a ten-minute whirlwind of joy – a masterpiece in miniature that will leave you breathless. And that’s just the start. Music by Stravinsky, Monteverdi and Spohr demonstrates how much you can achieve with these small forces. It’s music written to make you feel good.",https://www.sydneysymphony.com/concerts/bach-stravinsky-spohr
"Concert Hall, Sydney Opera House",Fri 11 April,8:00pm,No,No,Mozart & Bruckner,"Experience the expressive range and power of the Sydney Symphony Orchestra, from Mozart’s effervescent Piano Concerto No.19 to Bruckner’s magnificent wall of sound in his Seventh Symphony, and the world premiere of Blue Light Sphere by Australian composer Kate Moore. His Piano Concerto No.19 is full of showstopping virtuosity, particularly in the final movement where the pace picks up and the soloist can really let loose. Star French pianist Lise de la Salle has been dazzling audiences since the age of nine and this piece is the perfect showcase for her prodigious talent in her Sydney Symphony debut. Bruckner’s symphonies are awe-inspiring experiences, every bit as powerful and moving as those of his close friend and student Gustav Mahler. After our immersion in Mahler in recent seasons, the Sydney Symphony is ideally placed to tackle this gigantic piece. You’ll find yourself pinned to your seat as the scale of his Seventh Symphony rolls over you. The ending of the first movement, with its cascading rivers of glowing brass and shimmering strings, hits with the intensity of first love. Like so many moments in this concert, it is glittering and powerful.",https://www.sydneysymphony.com/concerts/mozart-bruckner-2025
"Concert Hall, Sydney Opera House",Sat 12 April,8:00pm,No,No,Mozart & Bruckner,"Experience the expressive range and power of the Sydney Symphony Orchestra, from Mozart’s effervescent Piano Concerto No.19 to Bruckner’s magnificent wall of sound in his Seventh Symphony, and the world premiere of Blue Light Sphere by Australian composer Kate Moore. His Piano Concerto No.19 is full of showstopping virtuosity, particularly in the final movement where the pace picks up and the soloist can really let loose. Star French pianist Lise de la Salle has been dazzling audiences since the age of nine and this piece is the perfect showcase for her prodigious talent in her Sydney Symphony debut. Bruckner’s symphonies are awe-inspiring experiences, every bit as powerful and moving as those of his close friend and student Gustav Mahler. After our immersion in Mahler in recent seasons, the Sydney Symphony is ideally placed to tackle this gigantic piece. You’ll find yourself pinned to your seat as the scale of his Seventh Symphony rolls over you. The ending of the first movement, with its cascading rivers of glowing brass and shimmering strings, hits with the intensity of first love. Like so many moments in this concert, it is glittering and powerful.",https://www.sydneysymphony.com/concerts/mozart-bruckner-2025
"Concert Hall, Sydney Opera House",Thu 01 May,7:00pm,No,No,Tchaikovsky’s Sixth Symphony,"From the power and passion of Tchaikovsky’s final symphony to Debussy’s dreamlike Prelude to the Afternoon of a Faun and the Sydney premiere of Samuel Barber’s touching Cello Concerto, this concert will leave you glowing. Growing in power and strength throughout, the strings bloom exquisitely in the third movement — 80 musicians of the Sydney Symphony at full stride — before falling away into poetic oblivion at the end. It was Tchaikovsky’s final symphony, one he described as the best thing he’d ever written. It’s hard to disagree. Conductor Roderick Cox is a rapidly rising star, praised for his ‘finesse’ (Boston Globe) and ‘riveting intensity’ (Seen and Heard), and in his Sydney debut he brings that to bear on this concert of beautiful strings, glowing trumpets and lush moods. Debussy’s Prelude to the Afternoon of a Faun creates a dreamlike atmosphere with its magical, haunting opening. And acclaimed cellist Li-Wei Qin brings his ‘immaculate precision and elegance’ (Sydney Morning Herald) to the Sydney premiere of Barber’s touching Cello Concerto.",https://www.sydneysymphony.com/concerts/tchaikovskys-sixth-symphony-2025
"Utzon Room, Sydney Opera House",Fri 02 May,6:00pm,No,No,Sounds of Australia,"Experience the evocative soundworlds created by Australian composers in this fascinating concert of chamber music performed in the Utzon Room of the Sydney Opera House. In bringing together the sounds of this ancient land with the rich traditions of classical music, Brenda Gifford, Christopher Sainsbury, Nardi Simpson and Aaron Wyatt have created something new, and newly inspiring. From Simpson’s Burruguu, which explores the idea of creation of the world but also of music, to Wyatt’s Cirrus, inspired by the Melbourne sky on a bright but cold day, these works utilise unexpected combinations of instruments to explore the land and soundscapes of Australia.",https://www.sydneysymphony.com/concerts/sounds-of-australia
"Concert Hall, Sydney Opera House",Fri 02 May,7:00pm,No,No,Tchaikovsky’s Sixth Symphony,"From the power and passion of Tchaikovsky’s final symphony to Debussy’s dreamlike Prelude to the Afternoon of a Faun and the Sydney premiere of Samuel Barber’s touching Cello Concerto, this concert will leave you glowing. Growing in power and strength throughout, the strings bloom exquisitely in the third movement — 80 musicians of the Sydney Symphony at full stride — before falling away into poetic oblivion at the end. It was Tchaikovsky’s final symphony, one he described as the best thing he’d ever written. It’s hard to disagree. Conductor Roderick Cox is a rapidly rising star, praised for his ‘finesse’ (Boston Globe) and ‘riveting intensity’ (Seen and Heard), and in his Sydney debut he brings that to bear on this concert of beautiful strings, glowing trumpets and lush moods. Debussy’s Prelude to the Afternoon of a Faun creates a dreamlike atmosphere with its magical, haunting opening. And acclaimed cellist Li-Wei Qin brings his ‘immaculate precision and elegance’ (Sydney Morning Herald) to the Sydney premiere of Barber’s touching Cello Concerto.",https://www.sydneysymphony.com/concerts/tchaikovskys-sixth-symphony-2025
"Concert Hall, Sydney Opera House",Sat 03 May,2:00pm,No,No,Tchaikovsky’s Sixth Symphony,"From the power and passion of Tchaikovsky’s final symphony to Debussy’s dreamlike Prelude to the Afternoon of a Faun and the Sydney premiere of Samuel Barber’s touching Cello Concerto, this concert will leave you glowing. Growing in power and strength throughout, the strings bloom exquisitely in the third movement — 80 musicians of the Sydney Symphony at full stride — before falling away into poetic oblivion at the end. It was Tchaikovsky’s final symphony, one he described as the best thing he’d ever written. It’s hard to disagree. Conductor Roderick Cox is a rapidly rising star, praised for his ‘finesse’ (Boston Globe) and ‘riveting intensity’ (Seen and Heard), and in his Sydney debut he brings that to bear on this concert of beautiful strings, glowing trumpets and lush moods. Debussy’s Prelude to the Afternoon of a Faun creates a dreamlike atmosphere with its magical, haunting opening. And acclaimed cellist Li-Wei Qin brings his ‘immaculate precision and elegance’ (Sydney Morning Herald) to the Sydney premiere of Barber’s touching Cello Concerto.",https://www.sydneysymphony.com/concerts/tchaikovskys-sixth-symphony-2025
"Utzon Room, Sydney Opera House",Sat 03 May,6:00pm,No,No,Sounds of Australia,"Experience the evocative soundworlds created by Australian composers in this fascinating concert of chamber music performed in the Utzon Room of the Sydney Opera House. In bringing together the sounds of this ancient land with the rich traditions of classical music, Brenda Gifford, Christopher Sainsbury, Nardi Simpson and Aaron Wyatt have created something new, and newly inspiring. From Simpson’s Burruguu, which explores the idea of creation of the world but also of music, to Wyatt’s Cirrus, inspired by the Melbourne sky on a bright but cold day, these works utilise unexpected combinations of instruments to explore the land and soundscapes of Australia.",https://www.sydneysymphony.com/concerts/sounds-of-australia
"Concert Hall, Sydney Opera House",Wed 07 May,8:00pm,No,No,Daniel Lozakovich performs Sibelius’ Violin Concerto,"Still only 23 years old, Swedish violinist Daniel Lozakovich has been captivating audiences worldwide for years – precisely why he was signed to Deutsche Grammophon at just 16. In his Australian debut, he performs Sibelius’ Violin Concerto. As the violin enters above shimmering strings, Sibelius captures the icy beauty of his native Finland. There’s a sense of vastness and weightlessness that’s simply beautiful to experience. Lozakovich's virtuosity will leave you breathless, and you'll instantly understand why this remains one of Sibelius' most popular works. There are few more passionate ambassadors for Czech music than Tomáš Netopil, Principal Guest Conductor of the Czech Philharmonic. His interpretation of the radiant technicolour of Dvořák’s Sixth Symphony adds fire to the lyrical and dance-like third movement. And in the heartbreaking beauty of Janáček’s symphonic suite from Jenůfa, Netopil will gently guide you through love, betrayal and grief, arriving at a spellbinding catharsis.",https://www.sydneysymphony.com/concerts/daniel-lozakovich-sibelius-violin-concerto
"Concert Hall, Sydney Opera House",Thu 08 May,1:30pm,No,No,Daniel Lozakovich performs Sibelius’ Violin Concerto,"Still only 23 years old, Swedish violinist Daniel Lozakovich has been captivating audiences worldwide for years – precisely why he was signed to Deutsche Grammophon at just 16. In his Australian debut, he performs Sibelius’ Violin Concerto. As the violin enters above shimmering strings, Sibelius captures the icy beauty of his native Finland. There’s a sense of vastness and weightlessness that’s simply beautiful to experience. Lozakovich's virtuosity will leave you breathless, and you'll instantly understand why this remains one of Sibelius' most popular works. There are few more passionate ambassadors for Czech music than Tomáš Netopil, Principal Guest Conductor of the Czech Philharmonic. His interpretation of the radiant technicolour of Dvořák’s Sixth Symphony adds fire to the lyrical and dance-like third movement. And in the heartbreaking beauty of Janáček’s symphonic suite from Jenůfa, Netopil will gently guide you through love, betrayal and grief, arriving at a spellbinding catharsis.",https://www.sydneysymphony.com/concerts/daniel-lozakovich-sibelius-violin-concerto
"Concert Hall, Sydney Opera House",Fri 09 May,8:00pm,No,No,Daniel Lozakovich performs Sibelius’ Violin Concerto,"Still only 23 years old, Swedish violinist Daniel Lozakovich has been captivating audiences worldwide for years – precisely why he was signed to Deutsche Grammophon at just 16. In his Australian debut, he performs Sibelius’ Violin Concerto. As the violin enters above shimmering strings, Sibelius captures the icy beauty of his native Finland. There’s a sense of vastness and weightlessness that’s simply beautiful to experience. Lozakovich's virtuosity will leave you breathless, and you'll instantly understand why this remains one of Sibelius' most popular works. There are few more passionate ambassadors for Czech music than Tomáš Netopil, Principal Guest Conductor of the Czech Philharmonic. His interpretation of the radiant technicolour of Dvořák’s Sixth Symphony adds fire to the lyrical and dance-like third movement. And in the heartbreaking beauty of Janáček’s symphonic suite from Jenůfa, Netopil will gently guide you through love, betrayal and grief, arriving at a spellbinding catharsis.",https://www.sydneysymphony.com/concerts/daniel-lozakovich-sibelius-violin-concerto
"Concert Hall, Sydney Opera House",Sat 10 May,8:00pm,No,No,Daniel Lozakovich performs Sibelius’ Violin Concerto,"Still only 23 years old, Swedish violinist Daniel Lozakovich has been captivating audiences worldwide for years – precisely why he was signed to Deutsche Grammophon at just 16. In his Australian debut, he performs Sibelius’ Violin Concerto. As the violin enters above shimmering strings, Sibelius captures the icy beauty of his native Finland. There’s a sense of vastness and weightlessness that’s simply beautiful to experience. Lozakovich's virtuosity will leave you breathless, and you'll instantly understand why this remains one of Sibelius' most popular works. There are few more passionate ambassadors for Czech music than Tomáš Netopil, Principal Guest Conductor of the Czech Philharmonic. His interpretation of the radiant technicolour of Dvořák’s Sixth Symphony adds fire to the lyrical and dance-like third movement. And in the heartbreaking beauty of Janáček’s symphonic suite from Jenůfa, Netopil will gently guide you through love, betrayal and grief, arriving at a spellbinding catharsis.",https://www.sydneysymphony.com/concerts/daniel-lozakovich-sibelius-violin-concerto
"Concert Hall, Sydney Opera House",Fri 16 May,11:00am,No,No,Stephen Hough performs Brahms,"Passions flare and fates collide in this concert of palpable emotion, with Brahms’ fiery Piano Concerto No.1, performed by Sir Stephen Hough and the Sydney Symphony, paired with Prokofiev's intoxicating Romeo and Juliet and the world premiere of LiFT by Australian composer Iain Grandage. When you experience the stormy opening you’ll understand why this piece is considered one of the great piano concertos – but keep listening for the gorgeous slow movement, before it sweeps you into its vibrant finale. Prokofiev’s Romeo and Juliet vividly realises the humour, tenderness and, of course, tragedy of this classic tale. Montagues and Capulets is iconic, and a great gateway into Prokofiev's best-loved piece.",https://www.sydneysymphony.com/concerts/stephen-hough-performs-brahms-2025
"Concert Hall, Sydney Opera House",Sat 17 May,7:00pm,No,No,Stephen Hough performs Brahms,"Passions flare and fates collide in this concert of palpable emotion, with Brahms’ fiery Piano Concerto No.1, performed by Sir Stephen Hough and the Sydney Symphony, paired with Prokofiev's intoxicating Romeo and Juliet and the world premiere of LiFT by Australian composer Iain Grandage. When you experience the stormy opening you’ll understand why this piece is considered one of the great piano concertos – but keep listening for the gorgeous slow movement, before it sweeps you into its vibrant finale. Prokofiev’s Romeo and Juliet vividly realises the humour, tenderness and, of course, tragedy of this classic tale. Montagues and Capulets is iconic, and a great gateway into Prokofiev's best-loved piece.",https://www.sydneysymphony.com/concerts/stephen-hough-performs-brahms-2025
"Concert Hall, Sydney Opera House",Sun 18 May,2:00pm,No,No,Stephen Hough performs Brahms,"Passions flare and fates collide in this concert of palpable emotion, with Brahms’ fiery Piano Concerto No.1, performed by Sir Stephen Hough and the Sydney Symphony, paired with Prokofiev's intoxicating Romeo and Juliet and the world premiere of LiFT by Australian composer Iain Grandage. When you experience the stormy opening you’ll understand why this piece is considered one of the great piano concertos – but keep listening for the gorgeous slow movement, before it sweeps you into its vibrant finale. Prokofiev’s Romeo and Juliet vividly realises the humour, tenderness and, of course, tragedy of this classic tale. Montagues and Capulets is iconic, and a great gateway into Prokofiev's best-loved piece.",https://www.sydneysymphony.com/concerts/stephen-hough-performs-brahms-2025
City Recital Hall,Thu 22 May,7:00pm,No,No,Stirring Strings in the City,"String instruments are capable of so much, from lush, sweeping crescendos to urgent, driving rhythms. Experience the full expressive potential of these beloved instruments as the strings of the Sydney Symphony Orchestra take centre stage at the City Recital Hall. Sometimes called her ‘Ninth Symphony’, her Concerto for String Orchestra ‘crackles with energy’ (BBC Music Magazine), with a haunting slow movement at its centre. Dvořák’s Serenade is deeply heartfelt and lyrical. Written in just twelve days, its five short movements overflow with exquisite melodies and rich textures. It’s not hard to see why it stands among his most popular and most frequently performed works. Josef Suk was a student of Dvořák’s, a fierce advocate of his music – and later became his son-in-law. Based on a 12th century hymn, this ode to his homeland is touching and full of longing.",https://www.sydneysymphony.com/concerts/stirring-strings-in-the-city
"Concert Hall, Sydney Opera House",Wed 04 June,8:00pm,No,No,Stephen Hough performs Mendelssohn,"Sir Stephen Hough applies his considerable talents to Mendelssohn’s Piano Concerto No.1, together with Sir Donald Runnicles, in this concert that takes you deep into the heart of the Romantic era. In this concert he applies his considerable talents to Mendelssohn’s Piano Concerto No.1: arresting and delicate all at once, this sparkling piece will captivate from the start, with some moments that leave you breathless and others full of rhythmic delight. Principal Guest Conductor Donald Runnicles is another frequent collaborator and old friend – not just of the Orchestra’s but of Hough’s as well, making them the perfect pair to lead this adventure to the heart of the Romantic era. Mendelssohn’s The Hebrides overture sets the tone for this immersive concert. Full of light and shade, it will transport you to the rugged coastline of Scotland. Brahms’ Third Symphony was written at the height of his powers, launching with a brass salvo before setting off into a kaleidoscope of orchestral colours. Runnicles is widely celebrated for the ‘superb flow, balance and emphasis’ (Sydney Morning Herald) that he brings to Brahms’ symphonies, and also for his advocacy of the works of German composer Detlev Glanert, whose Hidden Image was written as a partner to Brahms’ Third. Runnicles led its world premiere in June 2024, and here gives its first Australian performances. Discover the incredible places Romantic music can take you with this hugely entertaining concert.",https://www.sydneysymphony.com/concerts/stephen-hough-performs-mendelssohn
"Concert Hall, Sydney Opera House",Thu 05 June,1:30pm,No,No,Stephen Hough performs Mendelssohn,"Sir Stephen Hough applies his considerable talents to Mendelssohn’s Piano Concerto No.1, together with Sir Donald Runnicles, in this concert that takes you deep into the heart of the Romantic era. In this concert he applies his considerable talents to Mendelssohn’s Piano Concerto No.1: arresting and delicate all at once, this sparkling piece will captivate from the start, with some moments that leave you breathless and others full of rhythmic delight. Principal Guest Conductor Donald Runnicles is another frequent collaborator and old friend – not just of the Orchestra’s but of Hough’s as well, making them the perfect pair to lead this adventure to the heart of the Romantic era. Mendelssohn’s The Hebrides overture sets the tone for this immersive concert. Full of light and shade, it will transport you to the rugged coastline of Scotland. Brahms’ Third Symphony was written at the height of his powers, launching with a brass salvo before setting off into a kaleidoscope of orchestral colours. Runnicles is widely celebrated for the ‘superb flow, balance and emphasis’ (Sydney Morning Herald) that he brings to Brahms’ symphonies, and also for his advocacy of the works of German composer Detlev Glanert, whose Hidden Image was written as a partner to Brahms’ Third. Runnicles led its world premiere in June 2024, and here gives its first Australian performances. Discover the incredible places Romantic music can take you with this hugely entertaining concert.",https://www.sydneysymphony.com/concerts/stephen-hough-performs-mendelssohn
"Concert Hall, Sydney Opera House",Fri 06 June,8:00pm,No,No,Stephen Hough performs Mendelssohn,"Sir Stephen Hough applies his considerable talents to Mendelssohn’s Piano Concerto No.1, together with Sir Donald Runnicles, in this concert that takes you deep into the heart of the Romantic era. In this concert he applies his considerable talents to Mendelssohn’s Piano Concerto No.1: arresting and delicate all at once, this sparkling piece will captivate from the start, with some moments that leave you breathless and others full of rhythmic delight. Principal Guest Conductor Donald Runnicles is another frequent collaborator and old friend – not just of the Orchestra’s but of Hough’s as well, making them the perfect pair to lead this adventure to the heart of the Romantic era. Mendelssohn’s The Hebrides overture sets the tone for this immersive concert. Full of light and shade, it will transport you to the rugged coastline of Scotland. Brahms’ Third Symphony was written at the height of his powers, launching with a brass salvo before setting off into a kaleidoscope of orchestral colours. Runnicles is widely celebrated for the ‘superb flow, balance and emphasis’ (Sydney Morning Herald) that he brings to Brahms’ symphonies, and also for his advocacy of the works of German composer Detlev Glanert, whose Hidden Image was written as a partner to Brahms’ Third. Runnicles led its world premiere in June 2024, and here gives its first Australian performances. Discover the incredible places Romantic music can take you with this hugely entertaining concert.",https://www.sydneysymphony.com/concerts/stephen-hough-performs-mendelssohn
"Concert Hall, Sydney Opera House",Sat 07 June,8:00pm,No,No,Stephen Hough performs Mendelssohn,"Sir Stephen Hough applies his considerable talents to Mendelssohn’s Piano Concerto No.1, together with Sir Donald Runnicles, in this concert that takes you deep into the heart of the Romantic era. In this concert he applies his considerable talents to Mendelssohn’s Piano Concerto No.1: arresting and delicate all at once, this sparkling piece will captivate from the start, with some moments that leave you breathless and others full of rhythmic delight. Principal Guest Conductor Donald Runnicles is another frequent collaborator and old friend – not just of the Orchestra’s but of Hough’s as well, making them the perfect pair to lead this adventure to the heart of the Romantic era. Mendelssohn’s The Hebrides overture sets the tone for this immersive concert. Full of light and shade, it will transport you to the rugged coastline of Scotland. Brahms’ Third Symphony was written at the height of his powers, launching with a brass salvo before setting off into a kaleidoscope of orchestral colours. Runnicles is widely celebrated for the ‘superb flow, balance and emphasis’ (Sydney Morning Herald) that he brings to Brahms’ symphonies, and also for his advocacy of the works of German composer Detlev Glanert, whose Hidden Image was written as a partner to Brahms’ Third. Runnicles led its world premiere in June 2024, and here gives its first Australian performances. Discover the incredible places Romantic music can take you with this hugely entertaining concert.",https://www.sydneysymphony.com/concerts/stephen-hough-performs-mendelssohn
"Concert Hall, Sydney Opera House",Fri 13 June,7:00pm,No,No,Donald Runnicles conducts Strauss & Beethoven,"Embark on an epic hero’s quest with Principal Guest Conductor Sir Donald Runnicles in this concert of myth and fantasy. Cinematic in scale, with an orchestra to match, you’ll be on the edge of your seat for the whole ride. Strauss pushes the orchestra to its limits in volume and virtuosity, and the exquisite solo violin part is one of the most demanding and extraordinary in all of music. Based on the famous fairytale, Humperdinck’s Hansel and Gretel conjures an enchanting world of forests and witches, the music rivalling the plot for drama and adventure. Following its American premiere in 1905 The New York Times described it as ‘an achievement of the highest talent and skill,’ and its charms have not diminished since. Opening the concert with Beethoven’s vibrant and energetic Overture from The Creatures of Prometheus, Donald Runnicles will bring his decades of experience conducting at the world’s leading opera houses to bring these gripping stories to life.",https://www.sydneysymphony.com/concerts/donald-runnicles-conducts-strauss-beethoven
"Concert Hall, Sydney Opera House",Sat 14 June,2:00pm,No,No,Donald Runnicles conducts Strauss & Beethoven,"Embark on an epic hero’s quest with Principal Guest Conductor Sir Donald Runnicles in this concert of myth and fantasy. Cinematic in scale, with an orchestra to match, you’ll be on the edge of your seat for the whole ride. Strauss pushes the orchestra to its limits in volume and virtuosity, and the exquisite solo violin part is one of the most demanding and extraordinary in all of music. Based on the famous fairytale, Humperdinck’s Hansel and Gretel conjures an enchanting world of forests and witches, the music rivalling the plot for drama and adventure. Following its American premiere in 1905 The New York Times described it as ‘an achievement of the highest talent and skill,’ and its charms have not diminished since. Opening the concert with Beethoven’s vibrant and energetic Overture from The Creatures of Prometheus, Donald Runnicles will bring his decades of experience conducting at the world’s leading opera houses to bring these gripping stories to life.",https://www.sydneysymphony.com/concerts/donald-runnicles-conducts-strauss-beethoven
"Concert Hall, Sydney Opera House",Wed 18 June,7:00pm,No,No,Lang Lang and the Sydney Symphony,"Dive into the swirling colour of Saint-Saëns with global sensation Lang Lang, and the Sydney Symphony performing some of the greatest Romantic pieces ever written. Don’t miss out on a ticket to see this superstar in his only performance with orchestra in Sydney. Lang Lang has chosen this piece for a reason: it’s an exhilarating journey from melancholy and moving to light and playful, from its dramatic opening to its wildly passionate finale. It's captivating to the final note.  Before Lang Lang joins in thrilling fashion, the Sydney Symphony shines in Debussy’s La Mer, which lures you out to sea across three shimmering movements. This music is filled with the composer’s trademark intricate and flexible rhythms, with an all-consuming fluidity that carries you like a tide. Feel the invigorating wave of sound crash over you as the brass chords ring out in the finale. Boulanger’s D’un Matin de printemps vividly conjures the image of a fresh spring morning. In a matter of minutes, you’ll experience the rich soundscapes that cemented her legacy in 20th century music. Led by our Conductor in Residence Benjamin Northey, secure your seat for this unforgettable night featuring iconic French music and a global phenomenon.",https://www.sydneysymphony.com/concerts/lang-lang-sydney-symphony-orchestra-2025
"Utzon Room, Sydney Opera House",Fri 20 June,6:00pm,No,No,Ravel & Debussy,"The harp is an instrument of extraordinary and distinctive musical colour. From one delicately plucked string to cascading sounds that emulate an entire orchestra, it is capable of magic. And you can experience that magic as conjured by the French Impressionists in this spellbinding concert in the Utzon Room. Ravel’s Introduction and Allegro was commissioned by a harp manufacturer to show off its instrument – and it does just that! This is quintessential Ravel, graceful and sensual at the outset before the harp takes centre stage in hypnotic exchanges with the other instruments. Another masterpiece in miniature, Debussy’s Sonata for Flute, Viola and Harp distills all of his trademarks – a swirling, perfumed atmosphere, ever-changing harmonies and exquisite musical colours – into fifteen sublime minutes.",https://www.sydneysymphony.com/concerts/ravel-debussy-2025
"Concert Hall, Sydney Opera House",Fri 20 June,7:00pm,No,No,Signature Choir & the Sydney Symphony,"Be inspired by the spirit of the ocean in this joyous, uplifting concert that combines traditional and contemporary Pacific sounds and an 80-person choir with the power of the Sydney Symphony Orchestra, live at the Sydney Opera House. Mana Moana is a community-driven project that celebrates the people of our Pacific region, creating a mesmerising concert experience through music, storytelling and language. Energetic, unique and emotional, hear the beauty and richness of the unique languages of several Pacific nations. The words mana and moana are shared across many Pasifika languages. Mana meaning sacred, spirit, prestige, power; and moana meaning the ocean, or a body of water. Just as the islands of the region are connected via the sea, Mana Moana highlights the connectedness of our Pasifika nations and celebrates the proud and rich cultures that call this corner of the world home.",https://www.sydneysymphony.com/concerts/signature-choir-sydney-symphony
"Utzon Room, Sydney Opera House",Sat 21 June,6:00pm,No,No,Ravel & Debussy,"The harp is an instrument of extraordinary and distinctive musical colour. From one delicately plucked string to cascading sounds that emulate an entire orchestra, it is capable of magic. And you can experience that magic as conjured by the French Impressionists in this spellbinding concert in the Utzon Room. Ravel’s Introduction and Allegro was commissioned by a harp manufacturer to show off its instrument – and it does just that! This is quintessential Ravel, graceful and sensual at the outset before the harp takes centre stage in hypnotic exchanges with the other instruments. Another masterpiece in miniature, Debussy’s Sonata for Flute, Viola and Harp distills all of his trademarks – a swirling, perfumed atmosphere, ever-changing harmonies and exquisite musical colours – into fifteen sublime minutes.",https://www.sydneysymphony.com/concerts/ravel-debussy-2025
"Concert Hall, Sydney Opera House",Sat 21 June,7:00pm,No,No,Signature Choir & the Sydney Symphony,"Be inspired by the spirit of the ocean in this joyous, uplifting concert that combines traditional and contemporary Pacific sounds and an 80-person choir with the power of the Sydney Symphony Orchestra, live at the Sydney Opera House. Mana Moana is a community-driven project that celebrates the people of our Pacific region, creating a mesmerising concert experience through music, storytelling and language. Energetic, unique and emotional, hear the beauty and richness of the unique languages of several Pacific nations. The words mana and moana are shared across many Pasifika languages. Mana meaning sacred, spirit, prestige, power; and moana meaning the ocean, or a body of water. Just as the islands of the region are connected via the sea, Mana Moana highlights the connectedness of our Pasifika nations and celebrates the proud and rich cultures that call this corner of the world home.",https://www.sydneysymphony.com/concerts/signature-choir-sydney-symphony
"Concert Hall, Sydney Opera House",Sun 22 June,2:00pm,No,No,Lang Lang in Recital,"Lang Lang is a global phenomenon. He has performed for presidents, monarchs and on stage at the Grammy Awards, and now returns to Sydney for this very special recital. Opening with one of Fauré’s most popular works, the Pavane, he sets the scene for a concert full of feeling. Kreisleriana is one of Schumann’s most intricate works. Moody and passionate, it reveals the composer’s brilliant ability to capture the complexity of human emotion, and demands a great deal from the performer, so it’s thrilling to witness. Chopin’s energetic Mazurkas allow Lang Lang to really showcase his versatility. Each piece has a different mood and character, demonstrating the Romantic master’s inexhaustible gift for composing wonderful melodies. The combination of Chopin’s innovation with Lang Lang’s interpretation will make for an incredible experience. Don’t miss one of today's most entertaining and acclaimed pianists performing in recital in the iconic Sydney Opera House Concert Hall.",https://www.sydneysymphony.com/concerts/lang-lang-in-recital-2025
"Concert Hall, Sydney Opera House",Fri 27 June,11:00am,No,No,Bernstein & Korngold,"Full of gorgeous strings, brilliant brass and the irrepressible energy of mid-century America, this concert brings together three iconic composers – and the world premiere of Fanfare for Solidarity by Australian composer Bree van Reyk – for one rollicking good time. Australian violinist Christian Li became the youngest winner in the history of the Yehudi Menuhin International Competition for Young Violinists at age ten, and the youngest artist ever signed to Decca Classics two years later. Still only 17, he brings his ‘staggering virtuosity’ (BBC Music Magazine) to Korngold’s Violin Concerto, full of stirring melodies that draw on the composer’s scores for the Silver Screen. It’s the perfect companion to Bernstein’s thrilling Symphonic Dances from West Side Story, and the infectious Latin feel of Gershwin’s Cuban Overture. This is music that will leap off the stage and fill your heart.",https://www.sydneysymphony.com/concerts/bernstein-korngold-2025
"Concert Hall, Sydney Opera House",Sat 28 June,7:00pm,No,No,Bernstein & Korngold,"Full of gorgeous strings, brilliant brass and the irrepressible energy of mid-century America, this concert brings together three iconic composers – and the world premiere of Fanfare for Solidarity by Australian composer Bree van Reyk – for one rollicking good time. Australian violinist Christian Li became the youngest winner in the history of the Yehudi Menuhin International Competition for Young Violinists at age ten, and the youngest artist ever signed to Decca Classics two years later. Still only 17, he brings his ‘staggering virtuosity’ (BBC Music Magazine) to Korngold’s Violin Concerto, full of stirring melodies that draw on the composer’s scores for the Silver Screen. It’s the perfect companion to Bernstein’s thrilling Symphonic Dances from West Side Story, and the infectious Latin feel of Gershwin’s Cuban Overture. This is music that will leap off the stage and fill your heart.",https://www.sydneysymphony.com/concerts/bernstein-korngold-2025
"Concert Hall, Sydney Opera House",Wed 02 July,8:00pm,No,No,Arabella Steinbacher performs Prokofiev,"From the unaccompanied solo violin that opens Prokofiev’s Second Violin Concerto to the dazzling display of orchestral colour in Ravel’s Daphnis and Chloé, this concert is a celebration of what it means to be alive. The New York Times describes Steinbacher as having ‘balanced lyricism and fire … a finely polished technique and a beautifully varied palette of timbres.’ You’ll feel captivated as she weaves her way from soulful opening to the delicate middle movement and addictive finale. To celebrate Ravel's 150th birthday, we perform his largest work, Daphnis and Chloé – an orchestral masterpiece that draws in all the power of the elements to tell a beautiful love story. When the choir summons the impossibly lush sunrise – complete with twittering birds and golden rays of light – you’ll experience something ancient, a world beyond words. From a solo violin to a dazzling display of orchestral colour – and the world premiere of Australian composer William Gardiner’s arion – this concert is a celebration of what it means to be alive.",https://www.sydneysymphony.com/concerts/arabella-steinbacher-performs-prokofiev
"Concert Hall, Sydney Opera House",Thu 03 July,1:30pm,No,No,Arabella Steinbacher performs Prokofiev,"From the unaccompanied solo violin that opens Prokofiev’s Second Violin Concerto to the dazzling display of orchestral colour in Ravel’s Daphnis and Chloé, this concert is a celebration of what it means to be alive. The New York Times describes Steinbacher as having ‘balanced lyricism and fire … a finely polished technique and a beautifully varied palette of timbres.’ You’ll feel captivated as she weaves her way from soulful opening to the delicate middle movement and addictive finale. To celebrate Ravel's 150th birthday, we perform his largest work, Daphnis and Chloé – an orchestral masterpiece that draws in all the power of the elements to tell a beautiful love story. When the choir summons the impossibly lush sunrise – complete with twittering birds and golden rays of light – you’ll experience something ancient, a world beyond words. From a solo violin to a dazzling display of orchestral colour – and the world premiere of Australian composer William Gardiner’s arion – this concert is a celebration of what it means to be alive.",https://www.sydneysymphony.com/concerts/arabella-steinbacher-performs-prokofiev
"Concert Hall, Sydney Opera House",Fri 04 July,8:00pm,No,No,Arabella Steinbacher performs Prokofiev,"From the unaccompanied solo violin that opens Prokofiev’s Second Violin Concerto to the dazzling display of orchestral colour in Ravel’s Daphnis and Chloé, this concert is a celebration of what it means to be alive. The New York Times describes Steinbacher as having ‘balanced lyricism and fire … a finely polished technique and a beautifully varied palette of timbres.’ You’ll feel captivated as she weaves her way from soulful opening to the delicate middle movement and addictive finale. To celebrate Ravel's 150th birthday, we perform his largest work, Daphnis and Chloé – an orchestral masterpiece that draws in all the power of the elements to tell a beautiful love story. When the choir summons the impossibly lush sunrise – complete with twittering birds and golden rays of light – you’ll experience something ancient, a world beyond words. From a solo violin to a dazzling display of orchestral colour – and the world premiere of Australian composer William Gardiner’s arion – this concert is a celebration of what it means to be alive.",https://www.sydneysymphony.com/concerts/arabella-steinbacher-performs-prokofiev
"Concert Hall, Sydney Opera House",Sat 05 July,8:00pm,No,No,Arabella Steinbacher performs Prokofiev,"From the unaccompanied solo violin that opens Prokofiev’s Second Violin Concerto to the dazzling display of orchestral colour in Ravel’s Daphnis and Chloé, this concert is a celebration of what it means to be alive. The New York Times describes Steinbacher as having ‘balanced lyricism and fire … a finely polished technique and a beautifully varied palette of timbres.’ You’ll feel captivated as she weaves her way from soulful opening to the delicate middle movement and addictive finale. To celebrate Ravel's 150th birthday, we perform his largest work, Daphnis and Chloé – an orchestral masterpiece that draws in all the power of the elements to tell a beautiful love story. When the choir summons the impossibly lush sunrise – complete with twittering birds and golden rays of light – you’ll experience something ancient, a world beyond words. From a solo violin to a dazzling display of orchestral colour – and the world premiere of Australian composer William Gardiner’s arion – this concert is a celebration of what it means to be alive.",https://www.sydneysymphony.com/concerts/arabella-steinbacher-performs-prokofiev
City Recital Hall,Mon 07 July,7:00pm,No,No,Eva Gevorgyan in Recital,"It’s always exciting to catch a star on the rise, and at just 20 years of age Eva Gevorgyan is a phenomenon. In Gevorgyan’s debut Sydney recital, you’ll experience every facet of her talent up close in a showcase of Romantic masterpieces. Beethoven's Sonata No.27 and Brahms' Four Pieces for Piano are introspective gems by two great masters, both requiring virtuosity as well as control so that the poignant emotion of these works never becomes overblown. In the year of Ravel's 150th birthday, La Valse reveals to us a Romantic and expressive streak we don't often hear in his work, its wonderful rhythms suggesting couples twirling on a ballroom floor. Equally evocative is Schumann's Carnaval, 21 short variations that capture the essence of revelers at a festival. All you need to do is sit back and enjoy this utterly delightful performance.",https://www.sydneysymphony.com/concerts/eva-gevorgyan-in-recital
"Concert Hall, Sydney Opera House",Thu 10 July,7:00pm,No,No,Ravel & Falla,"Spanish music is full of life. From Ravel’s heart-pounding conclusion to Bolero to Falla’s rousing The Three-Cornered Hat, this concert will thrill and transport you. These pieces are postcards from Spain. Ravel’s mother was from the Basque region straddling the Spanish-French border, with its proud local culture and language, and Bolero and Alborada del gracioso are full of the passion and unique rhythms of Spanish dance music. Falla’s Nights in the Gardens of Spain draws on the Arabic roots of Spanish music and is richly atmospheric and immersive, referencing gardens from Córdoba to the Alhambra palace in Granada. Eva Gevorgyan, ‘a young and exceptionally talented pianist’ (Interlude), brings life to these vivid musical pictures. If you’re longing for somewhere warm and lively, this concert is your ticket.",https://www.sydneysymphony.com/concerts/ravel-falla-2025
"Concert Hall, Sydney Opera House",Fri 11 July,7:00pm,No,No,Ravel & Falla,"Spanish music is full of life. From Ravel’s heart-pounding conclusion to Bolero to Falla’s rousing The Three-Cornered Hat, this concert will thrill and transport you. These pieces are postcards from Spain. Ravel’s mother was from the Basque region straddling the Spanish-French border, with its proud local culture and language, and Bolero and Alborada del gracioso are full of the passion and unique rhythms of Spanish dance music. Falla’s Nights in the Gardens of Spain draws on the Arabic roots of Spanish music and is richly atmospheric and immersive, referencing gardens from Córdoba to the Alhambra palace in Granada. Eva Gevorgyan, ‘a young and exceptionally talented pianist’ (Interlude), brings life to these vivid musical pictures. If you’re longing for somewhere warm and lively, this concert is your ticket.",https://www.sydneysymphony.com/concerts/ravel-falla-2025
"Concert Hall, Sydney Opera House",Sat 12 July,2:00pm,No,No,Ravel & Falla,"Spanish music is full of life. From Ravel’s heart-pounding conclusion to Bolero to Falla’s rousing The Three-Cornered Hat, this concert will thrill and transport you. These pieces are postcards from Spain. Ravel’s mother was from the Basque region straddling the Spanish-French border, with its proud local culture and language, and Bolero and Alborada del gracioso are full of the passion and unique rhythms of Spanish dance music. Falla’s Nights in the Gardens of Spain draws on the Arabic roots of Spanish music and is richly atmospheric and immersive, referencing gardens from Córdoba to the Alhambra palace in Granada. Eva Gevorgyan, ‘a young and exceptionally talented pianist’ (Interlude), brings life to these vivid musical pictures. If you’re longing for somewhere warm and lively, this concert is your ticket.",https://www.sydneysymphony.com/concerts/ravel-falla-2025
"Concert Hall, Sydney Opera House",Sun 13 July,2:00pm,No,No,Ravel & Falla,"Spanish music is full of life. From Ravel’s heart-pounding conclusion to Bolero to Falla’s rousing The Three-Cornered Hat, this concert will thrill and transport you. These pieces are postcards from Spain. Ravel’s mother was from the Basque region straddling the Spanish-French border, with its proud local culture and language, and Bolero and Alborada del gracioso are full of the passion and unique rhythms of Spanish dance music. Falla’s Nights in the Gardens of Spain draws on the Arabic roots of Spanish music and is richly atmospheric and immersive, referencing gardens from Córdoba to the Alhambra palace in Granada. Eva Gevorgyan, ‘a young and exceptionally talented pianist’ (Interlude), brings life to these vivid musical pictures. If you’re longing for somewhere warm and lively, this concert is your ticket.",https://www.sydneysymphony.com/concerts/ravel-falla-2025
"Utzon Room, Sydney Opera House",Fri 25 July,6:00pm,No,No,Bruch & Gatti,"Chamber music is often intimate and intricate, but it can also be grand and sumptuous. The two pieces in this concert demonstrate the expressive possibilities inherent in larger ensembles. Max Bruch wrote his String Octet in the immediate aftermath of the First World War, but this music really belongs to the world of Schubert, Brahms and Mendelssohn: ravishing and melodic. Bruch’s ensemble of eight instruments here includes a double bass rather than the customary second cello, which gives this work an almost symphonic depth and richness.",https://www.sydneysymphony.com/concerts/bruch-gatti-2025
"Utzon Room, Sydney Opera House",Sat 26 July,6:00pm,No,No,Bruch & Gatti,"Chamber music is often intimate and intricate, but it can also be grand and sumptuous. The two pieces in this concert demonstrate the expressive possibilities inherent in larger ensembles. Max Bruch wrote his String Octet in the immediate aftermath of the First World War, but this music really belongs to the world of Schubert, Brahms and Mendelssohn: ravishing and melodic. Bruch’s ensemble of eight instruments here includes a double bass rather than the customary second cello, which gives this work an almost symphonic depth and richness.",https://www.sydneysymphony.com/concerts/bruch-gatti-2025
"Concert Hall, Sydney Opera House",Wed 30 July,8:00pm,No,No,Javier Perianes performs Saint-Saëns,"Prepare for a fascinating voyage through exotic landscapes to the great expanses of the human heart, with music by Saint-Saëns, Shostakovich and Rossini. With its evocation of frogs and crickets croaking by the Nile and drawing upon the sounds of Nubian folk song, Saint-Saëns conjures a vibrant and romantic memory of Egypt. Acclaimed pianist Perianes brings each scene to life in dazzling colour. The William Tell Overture is one of the most thrilling ever written. As this famous piece gallops to its conclusion, you’ll understand why Rossini is considered a master of getting an audience excited. Shostakovich lived a tumultuous life, and on the surface his Fifteenth Symphony seems mired in introspection. But his humour always shines through, from the glockenspiel that opens this symphony to his mischievous reference to Rossini’s Overture. In a concert that swings between darkness and light, Shostakovich captures everything it is to be human.",https://www.sydneysymphony.com/concerts/javier-perianes-performs-saint-saens
"Concert Hall, Sydney Opera House",Thu 31 July,1:30pm,No,No,Javier Perianes performs Saint-Saëns,"Prepare for a fascinating voyage through exotic landscapes to the great expanses of the human heart, with music by Saint-Saëns, Shostakovich and Rossini. With its evocation of frogs and crickets croaking by the Nile and drawing upon the sounds of Nubian folk song, Saint-Saëns conjures a vibrant and romantic memory of Egypt. Acclaimed pianist Perianes brings each scene to life in dazzling colour. The William Tell Overture is one of the most thrilling ever written. As this famous piece gallops to its conclusion, you’ll understand why Rossini is considered a master of getting an audience excited. Shostakovich lived a tumultuous life, and on the surface his Fifteenth Symphony seems mired in introspection. But his humour always shines through, from the glockenspiel that opens this symphony to his mischievous reference to Rossini’s Overture. In a concert that swings between darkness and light, Shostakovich captures everything it is to be human.",https://www.sydneysymphony.com/concerts/javier-perianes-performs-saint-saens
"Concert Hall, Sydney Opera House",Fri 01 August,8:00pm,No,No,Javier Perianes performs Saint-Saëns,"Prepare for a fascinating voyage through exotic landscapes to the great expanses of the human heart, with music by Saint-Saëns, Shostakovich and Rossini. With its evocation of frogs and crickets croaking by the Nile and drawing upon the sounds of Nubian folk song, Saint-Saëns conjures a vibrant and romantic memory of Egypt. Acclaimed pianist Perianes brings each scene to life in dazzling colour. The William Tell Overture is one of the most thrilling ever written. As this famous piece gallops to its conclusion, you’ll understand why Rossini is considered a master of getting an audience excited. Shostakovich lived a tumultuous life, and on the surface his Fifteenth Symphony seems mired in introspection. But his humour always shines through, from the glockenspiel that opens this symphony to his mischievous reference to Rossini’s Overture. In a concert that swings between darkness and light, Shostakovich captures everything it is to be human.",https://www.sydneysymphony.com/concerts/javier-perianes-performs-saint-saens
"Concert Hall, Sydney Opera House",Sat 02 August,8:00pm,No,No,Javier Perianes performs Saint-Saëns,"Prepare for a fascinating voyage through exotic landscapes to the great expanses of the human heart, with music by Saint-Saëns, Shostakovich and Rossini. With its evocation of frogs and crickets croaking by the Nile and drawing upon the sounds of Nubian folk song, Saint-Saëns conjures a vibrant and romantic memory of Egypt. Acclaimed pianist Perianes brings each scene to life in dazzling colour. The William Tell Overture is one of the most thrilling ever written. As this famous piece gallops to its conclusion, you’ll understand why Rossini is considered a master of getting an audience excited. Shostakovich lived a tumultuous life, and on the surface his Fifteenth Symphony seems mired in introspection. But his humour always shines through, from the glockenspiel that opens this symphony to his mischievous reference to Rossini’s Overture. In a concert that swings between darkness and light, Shostakovich captures everything it is to be human.",https://www.sydneysymphony.com/concerts/javier-perianes-performs-saint-saens
City Recital Hall,Thu 07 August,7:00pm,No,No,Lyrical Woodwinds in the City,"From the piccolo to the bassoon, woodwind instruments are capable of an extraordinary range of tones, colours and textures. This concert is a rare chance to hear the woodwind musicians of the Sydney Symphony Orchestra on their own, in music by two great late-Romantic masters, in the intimate setting of the City Recital Hall. Richard Strauss wrote two early masterpieces for wind instruments, his Wind Serenade and his Suite for Wind Instruments. Expect colour and contrast and lots of fun in the characterful music that packs a vibrant punch.  Antonín Dvořák’s Wind Serenade builds over four gorgeous movements, from lyrical to lively and rhythmic. Infused with the folk music of his native Bohemia, this music has a rustic feel that’s tremendously charming.",https://www.sydneysymphony.com/concerts/lyrical-woodwinds-in-the-city
"Concert Hall, Sydney Opera House",Thu 21 August,7:00pm,No,No,"Stephen Layton conducts Bach, Mozart and Handel","Stephen Layton is one of the world’s greatest choral conductors, an expert in vocal music from the Renaissance to the modern day. In this concert he conducts Baroque and Classical masterpieces by Bach, Handel, Mozart and Haydn, featuring guest soloist Sara Macliver. Mozart’s Exsultate, jubilate is every bit as bright, exalted and jubilant as its title suggests – both are ideally suited to acclaimed Australian soprano Sara Macliver and her ‘pure, pitch perfect, silvery’ voice (ABC). Handel’s celebratory Music for the Royal Fireworks is a perfect partner for these uplifting pieces, full of orchestral pyrotechnics that will make your heart soar. And Haydn’s Symphony No.44 is the perfect counterweight – full of his characteristic sturm und drang (‘storm and stress’) in the opening movement, before light breaks through the clouds in the gorgeous third movement.",https://www.sydneysymphony.com/concerts/stephen-layton-bach-mozart-handel
"Concert Hall, Sydney Opera House",Sat 23 August,7:00pm,No,No,"Stephen Layton conducts Bach, Mozart and Handel","Stephen Layton is one of the world’s greatest choral conductors, an expert in vocal music from the Renaissance to the modern day. In this concert he conducts Baroque and Classical masterpieces by Bach, Handel, Mozart and Haydn, featuring guest soloist Sara Macliver. Mozart’s Exsultate, jubilate is every bit as bright, exalted and jubilant as its title suggests – both are ideally suited to acclaimed Australian soprano Sara Macliver and her ‘pure, pitch perfect, silvery’ voice (ABC). Handel’s celebratory Music for the Royal Fireworks is a perfect partner for these uplifting pieces, full of orchestral pyrotechnics that will make your heart soar. And Haydn’s Symphony No.44 is the perfect counterweight – full of his characteristic sturm und drang (‘storm and stress’) in the opening movement, before light breaks through the clouds in the gorgeous third movement.",https://www.sydneysymphony.com/concerts/stephen-layton-bach-mozart-handel
"Utzon Room, Sydney Opera House",Fri 29 August,6:00pm,No,No,Schoenberg & Williams,"Schoenberg’s Transfigured Night is an intoxicating work. Influenced hugely by Brahms and Wagner in both the richness of the writing and the high drama of the narrative it depicts, it is one of the great works of late Romantic chamber music. Sydney Symphony Assistant Principal Viola Justin Williams is also a composer of note, his output already including piano and chamber works and a symphony. His Wind Quintet receives its world premiere here, brought to life by his colleagues in the Orchestra’s wind section; the warm and mellifluous tones of these instruments will envelop you in a musical embrace. ‘See how brightly the universe gleams! There is a radiance in everything,’ says Dehmel’s protagonist – and there is certainly radiance here in this concert.",https://www.sydneysymphony.com/concerts/schoenberg-williams-2025
"Concert Hall, Sydney Opera House",Fri 29 August,7:00pm,No,No,Mozart & Beethoven,"These brilliant masterpieces by Beethoven and Mozart are often overlooked, but no less accomplished. Mozart’s Fifth Violin Concerto is one of his most popular, revealing all the brilliance of a prodigious teenager. Suwanai summons its youthful character with pristine clarity. Beethoven’s Fourth Symphony is lively and spirited. A little jewel nestled between his massive Third and dramatic Fifth Symphonies, it’s a perfect symphony — elegant, bright and vivacious, overflowing with Beethoven’s trademark irrepressible energy. Opening with Prokofiev’s Classical Symphony, directly inspired by Mozart but with plenty of Prokofiev’s own style shining through, this invigorating concert is your perfect opportunity to delight in the undiscovered and rediscovered.",https://www.sydneysymphony.com/concerts/mozart-beethoven-2025
"Concert Hall, Sydney Opera House",Sat 30 August,2:00pm,No,No,Mozart & Beethoven,"These brilliant masterpieces by Beethoven and Mozart are often overlooked, but no less accomplished. Mozart’s Fifth Violin Concerto is one of his most popular, revealing all the brilliance of a prodigious teenager. Suwanai summons its youthful character with pristine clarity. Beethoven’s Fourth Symphony is lively and spirited. A little jewel nestled between his massive Third and dramatic Fifth Symphonies, it’s a perfect symphony — elegant, bright and vivacious, overflowing with Beethoven’s trademark irrepressible energy. Opening with Prokofiev’s Classical Symphony, directly inspired by Mozart but with plenty of Prokofiev’s own style shining through, this invigorating concert is your perfect opportunity to delight in the undiscovered and rediscovered.",https://www.sydneysymphony.com/concerts/mozart-beethoven-2025
"Utzon Room, Sydney Opera House",Sat 30 August,6:00pm,No,No,Schoenberg & Williams,"Schoenberg’s Transfigured Night is an intoxicating work. Influenced hugely by Brahms and Wagner in both the richness of the writing and the high drama of the narrative it depicts, it is one of the great works of late Romantic chamber music. Sydney Symphony Assistant Principal Viola Justin Williams is also a composer of note, his output already including piano and chamber works and a symphony. His Wind Quintet receives its world premiere here, brought to life by his colleagues in the Orchestra’s wind section; the warm and mellifluous tones of these instruments will envelop you in a musical embrace. ‘See how brightly the universe gleams! There is a radiance in everything,’ says Dehmel’s protagonist – and there is certainly radiance here in this concert.",https://www.sydneysymphony.com/concerts/schoenberg-williams-2025
"Concert Hall, Sydney Opera House",Wed 03 September,8:00pm,No,No,Simone Young conducts Richard Strauss,"Chief Conductor Simone Young is one of the world’s leading interpreters of Richard Strauss’ music. In this concert she draws out the vast power of three very different works, alongside Australian pianist Andrea Lam and the virtuosity of the Sydney Symphony Orchestra. Embark on a profound voyage that includes one of Strauss’ great tone poems and a piano concerto in all but name. Using just 23 string players, Metamorphosen is an intimate, reflective masterpiece written at the end of his career. Burleske gives rich, colourful glimpses into his early genius, and a chance to experience Andrea Lam's ‘fine pianism full of integrity and colour’ (Sydney Arts Guide). And the famous Zarathustra is far more than its opening, with Strauss using every instrument to demonstrate just how moving a single piece of music can be.",https://www.sydneysymphony.com/concerts/simone-young-conducts-richard-strauss
"Concert Hall, Sydney Opera House",Thu 04 September,1:30pm,No,No,Simone Young conducts Richard Strauss,"Chief Conductor Simone Young is one of the world’s leading interpreters of Richard Strauss’ music. In this concert she draws out the vast power of three very different works, alongside Australian pianist Andrea Lam and the virtuosity of the Sydney Symphony Orchestra. Embark on a profound voyage that includes one of Strauss’ great tone poems and a piano concerto in all but name. Using just 23 string players, Metamorphosen is an intimate, reflective masterpiece written at the end of his career. Burleske gives rich, colourful glimpses into his early genius, and a chance to experience Andrea Lam's ‘fine pianism full of integrity and colour’ (Sydney Arts Guide). And the famous Zarathustra is far more than its opening, with Strauss using every instrument to demonstrate just how moving a single piece of music can be.",https://www.sydneysymphony.com/concerts/simone-young-conducts-richard-strauss
"Concert Hall, Sydney Opera House",Fri 05 September,8:00pm,No,No,Simone Young conducts Richard Strauss,"Chief Conductor Simone Young is one of the world’s leading interpreters of Richard Strauss’ music. In this concert she draws out the vast power of three very different works, alongside Australian pianist Andrea Lam and the virtuosity of the Sydney Symphony Orchestra. Embark on a profound voyage that includes one of Strauss’ great tone poems and a piano concerto in all but name. Using just 23 string players, Metamorphosen is an intimate, reflective masterpiece written at the end of his career. Burleske gives rich, colourful glimpses into his early genius, and a chance to experience Andrea Lam's ‘fine pianism full of integrity and colour’ (Sydney Arts Guide). And the famous Zarathustra is far more than its opening, with Strauss using every instrument to demonstrate just how moving a single piece of music can be.",https://www.sydneysymphony.com/concerts/simone-young-conducts-richard-strauss
"Concert Hall, Sydney Opera House",Sat 06 September,8:00pm,No,No,Simone Young conducts Richard Strauss,"Chief Conductor Simone Young is one of the world’s leading interpreters of Richard Strauss’ music. In this concert she draws out the vast power of three very different works, alongside Australian pianist Andrea Lam and the virtuosity of the Sydney Symphony Orchestra. Embark on a profound voyage that includes one of Strauss’ great tone poems and a piano concerto in all but name. Using just 23 string players, Metamorphosen is an intimate, reflective masterpiece written at the end of his career. Burleske gives rich, colourful glimpses into his early genius, and a chance to experience Andrea Lam's ‘fine pianism full of integrity and colour’ (Sydney Arts Guide). And the famous Zarathustra is far more than its opening, with Strauss using every instrument to demonstrate just how moving a single piece of music can be.",https://www.sydneysymphony.com/concerts/simone-young-conducts-richard-strauss
"Concert Hall, Sydney Opera House",Fri 12 September,11:00am,No,No,Donald Runnicles conducts Shostakovich’s Fifth Symphony,"Principal Guest Conductor Sir Donald Runnicles leads this concert of dramatic music, from the defiance of Shostakovich’s Fifth Symphony to the heroism of Beethoven’s Fourth Piano Concerto. His response was this symphony. A mighty, sweeping masterpiece that unleashes the full power of the orchestra; a bold statement that found universal approval. Principal Guest Conductor Sir Donald Runnicles is world-renowned for connecting audiences to the emotion of music, which means you’ll feel every dramatic twist and turn, with goosebumps guaranteed in the blazing finale. In his Sydney Symphony debut, Canadian virtuoso Marc-André Hamelin provides an elegant contrast with Beethoven’s heroic and noble Piano Concerto No.4. And Anna Clyne’s This Midnight Hour magnificently conjures the night. Join us for this powerful reminder that in the darkest of times, artists hold the light.",https://www.sydneysymphony.com/concerts/donald-runnicles-conducts-shostakovich-fifth-symphony
"Concert Hall, Sydney Opera House",Sat 13 September,7:00pm,No,No,Donald Runnicles conducts Shostakovich’s Fifth Symphony,"Principal Guest Conductor Sir Donald Runnicles leads this concert of dramatic music, from the defiance of Shostakovich’s Fifth Symphony to the heroism of Beethoven’s Fourth Piano Concerto. His response was this symphony. A mighty, sweeping masterpiece that unleashes the full power of the orchestra; a bold statement that found universal approval. Principal Guest Conductor Sir Donald Runnicles is world-renowned for connecting audiences to the emotion of music, which means you’ll feel every dramatic twist and turn, with goosebumps guaranteed in the blazing finale. In his Sydney Symphony debut, Canadian virtuoso Marc-André Hamelin provides an elegant contrast with Beethoven’s heroic and noble Piano Concerto No.4. And Anna Clyne’s This Midnight Hour magnificently conjures the night. Join us for this powerful reminder that in the darkest of times, artists hold the light.",https://www.sydneysymphony.com/concerts/donald-runnicles-conducts-shostakovich-fifth-symphony
"Concert Hall, Sydney Opera House",Sun 14 September,2:00pm,No,No,Donald Runnicles conducts Shostakovich’s Fifth Symphony,"Principal Guest Conductor Sir Donald Runnicles leads this concert of dramatic music, from the defiance of Shostakovich’s Fifth Symphony to the heroism of Beethoven’s Fourth Piano Concerto. His response was this symphony. A mighty, sweeping masterpiece that unleashes the full power of the orchestra; a bold statement that found universal approval. Principal Guest Conductor Sir Donald Runnicles is world-renowned for connecting audiences to the emotion of music, which means you’ll feel every dramatic twist and turn, with goosebumps guaranteed in the blazing finale. In his Sydney Symphony debut, Canadian virtuoso Marc-André Hamelin provides an elegant contrast with Beethoven’s heroic and noble Piano Concerto No.4. And Anna Clyne’s This Midnight Hour magnificently conjures the night. Join us for this powerful reminder that in the darkest of times, artists hold the light.",https://www.sydneysymphony.com/concerts/donald-runnicles-conducts-shostakovich-fifth-symphony
City Recital Hall,Mon 15 September,7:00pm,No,No,Marc-André Hamelin in Recital,"Canadian pianist Marc-André Hamelin is one of the world's most accomplished pianists: 'right now there is no one like him,’ says The New Yorker. Beethoven’s Hammerklavier, as it’s known, opens brightly, with big, satisfying major chords. It’s the longest piano sonata that Beethoven wrote, and a huge test for the performer, who must capture its deeply personal moments of introspection and bright extroversion with equal conviction. If Hammerklavier is triumphant, Rachmaninov’s Second Piano Sonata is intense and moody — a thrilling emotional wrestling match. And music by Medtner, a contemporary of Rachmaninov, rounds out a powerful concert. Hamelin is at the height of his powers, and his debut Sydney recital is an absolute must for piano lovers.",https://www.sydneysymphony.com/concerts/marc-andre-hamelin-in-recital-2025
"Concert Hall, Sydney Opera House",Thu 18 September,7:00pm,No,No,Donald Runnicles conducts Sibelius and Wagner,"Join us on this thrilling voyage across two striking visions of the ocean paired with Sibelius’ sweeping Symphony No.2, as world-renowned Principal Guest Conductor Sir Donald Runnicles summons every ounce of passion from the talented musicians of the Sydney Symphony Orchestra. From the opening notes that seem to suggest a forest springing to life, to the triumphant finale, Runnicles ensures the expressive power of this work lands perfectly in a concert of windswept visions of the natural world. Making her Sydney Symphony debut, two-time Grammy Award-winning mezzo-soprano Sasha Cooke soars in Elgar’s poetic Sea Pictures, while Wagner’s Flying Dutchman Overture casts you into the vivid drama of a storm at sea.",https://www.sydneysymphony.com/concerts/donald-runnicles-conducts-sibelius-wagner
"Concert Hall, Sydney Opera House",Fri 19 September,7:00pm,No,No,Donald Runnicles conducts Sibelius and Wagner,"Join us on this thrilling voyage across two striking visions of the ocean paired with Sibelius’ sweeping Symphony No.2, as world-renowned Principal Guest Conductor Sir Donald Runnicles summons every ounce of passion from the talented musicians of the Sydney Symphony Orchestra. From the opening notes that seem to suggest a forest springing to life, to the triumphant finale, Runnicles ensures the expressive power of this work lands perfectly in a concert of windswept visions of the natural world. Making her Sydney Symphony debut, two-time Grammy Award-winning mezzo-soprano Sasha Cooke soars in Elgar’s poetic Sea Pictures, while Wagner’s Flying Dutchman Overture casts you into the vivid drama of a storm at sea.",https://www.sydneysymphony.com/concerts/donald-runnicles-conducts-sibelius-wagner
"Concert Hall, Sydney Opera House",Sat 20 September,2:00pm,No,No,Donald Runnicles conducts Sibelius and Wagner,"Join us on this thrilling voyage across two striking visions of the ocean paired with Sibelius’ sweeping Symphony No.2, as world-renowned Principal Guest Conductor Sir Donald Runnicles summons every ounce of passion from the talented musicians of the Sydney Symphony Orchestra. From the opening notes that seem to suggest a forest springing to life, to the triumphant finale, Runnicles ensures the expressive power of this work lands perfectly in a concert of windswept visions of the natural world. Making her Sydney Symphony debut, two-time Grammy Award-winning mezzo-soprano Sasha Cooke soars in Elgar’s poetic Sea Pictures, while Wagner’s Flying Dutchman Overture casts you into the vivid drama of a storm at sea.",https://www.sydneysymphony.com/concerts/donald-runnicles-conducts-sibelius-wagner
City Recital Hall,Thu 09 October,7:00pm,No,No,Harry Bennetts performs Beethoven’s Violin Concerto,"Of all the great violin concertos, Beethoven’s might be the crown jewel. From the expansive and sublime opening to the intimate and contemplative slow movement, before finishing in a triumphant finale, it is every bit a masterpiece. Conductor Umberto Clerici is especially noted for demonstrating ‘nearly all the hallmarks of great Schubert conducting’ (Limelight), and here he brings to life Schubert's youthful take on tragedy in the moody Symphony No.4. The gorgeously melancholic opening gives way to a sparkling lightness, which will ring out across the City Recital Hall. When these masterpieces were written 200 years ago, orchestras and concert halls were smaller. This is your chance to hear these pieces as the composers would have heard them – the reduced forces and intimate venue allowing all of their texture and richness to shine.",https://www.sydneysymphony.com/concerts/harry-bennetts-performs-beethoven-violin-concerto
"Utzon Room, Sydney Opera House",Fri 10 October,6:00pm,No,No,Mozart & Harrison,"The combination of clarinet and strings is a perfect match, the mellow woodwind balanced beautifully against the sprightly strings in this chamber music concert at the Sydney Opera House Utzon Room. Across four exquisite movements we hear a gentle lullaby, a lively dance and lyrical passages that could almost be opera arias; while the clarinet is first among equals, all five instruments shine in this exquisite piece. Nearly 250 years later, Australian composer Holly Harrison continues the tradition with Spitfire for clarinet and string trio. Inspired by music of the 1930s and three pivotal musical figures in Django Reinhardt, Stéphane Grappelli and Benny Goodman, Harrison describes the piece as ‘a feverish mix of jazz, Appalachian folk, blues and swing, with a touch of vaudeville’. All brought to life by the superb musicians of the Sydney Symphony Orchestra in the picturesque Sydney Opera House Utzon Room.",https://www.sydneysymphony.com/concerts/mozart-harrison-2025
"Utzon Room, Sydney Opera House",Sat 11 October,6:00pm,No,No,Mozart & Harrison,"The combination of clarinet and strings is a perfect match, the mellow woodwind balanced beautifully against the sprightly strings in this chamber music concert at the Sydney Opera House Utzon Room. Across four exquisite movements we hear a gentle lullaby, a lively dance and lyrical passages that could almost be opera arias; while the clarinet is first among equals, all five instruments shine in this exquisite piece. Nearly 250 years later, Australian composer Holly Harrison continues the tradition with Spitfire for clarinet and string trio. Inspired by music of the 1930s and three pivotal musical figures in Django Reinhardt, Stéphane Grappelli and Benny Goodman, Harrison describes the piece as ‘a feverish mix of jazz, Appalachian folk, blues and swing, with a touch of vaudeville’. All brought to life by the superb musicians of the Sydney Symphony Orchestra in the picturesque Sydney Opera House Utzon Room.",https://www.sydneysymphony.com/concerts/mozart-harrison-2025
"Concert Hall, Sydney Opera House",Tue 14 October,7:00pm,No,No,Kutcha Edwards & the Sydney Symphony,"Come together at the Sydney Opera House as iconic activist and multi award-winning songwriter Kutcha Edwards – ‘quite possibly the finest contemporary singer of his generation’ (Rhythms Magazine) – presents Ngarli-Wangu, together with the Sydney Symphony Orchestra and Conductor in Residence Benjamin Northey. Kutcha Edwards is a force of nature. Since 1991 he has combined songwriting and activism in groups like The Black Arm Band and Blackfire, and in a successful solo career fusing his ‘Bidgee’ blues with traditional songs of people and country. His proud Mutti Mutti heritage and his experiences as a survivor of the Stolen Generations have shaped his diverse creative output, which has seen him collaborate with artists including Paul Kelly, Archie Roach, Judith Durham, Emily Wurramara and Emma Donovan. A highly respected Elder and Songman, Edwards has curated this special event (Ngarli-Wangu means ‘our song’ in Mutti Mutti), and will both host and perform throughout the evening alongside special guest artists. By inviting them to the stage of Australia’s most famous building, they will lift up the anthems that have helped shape the Blak artistic landscape for the past 40 years, together with the power of the Sydney Symphony Orchestra, in an immensely moving live experience.",https://www.sydneysymphony.com/concerts/kutcha-edwards-sydney-symphony
City Recital Hall,Mon 20 October,7:00pm,No,No,Jean-Efflam Bavouzet in Recital,"Ravel’s mercurial, evocative music has a singular ability to spirit us away to exotic locations and create deeply-felt moods. It’s only fitting that we mark the 150th anniversary of his birth with a very special recital by acclaimed French pianist Jean-Efflam Bavouzet. Twenty years ago his award-winning recording of Ravel's complete solo piano music established his interpretive brilliance, which Sydney experienced in critically acclaimed performances of the Piano Concerto in G in 2022. Be fully immersed in this experience of Ravel — just the composer and the artist. And you. From the heartbreakingly delicate Pavane for a Dead Princess to the courtly Le Tombeau de Couperin, you’ll be swept away by this master performer.",https://www.sydneysymphony.com/concerts/jean-efflam-bavouzet-recital-2025
"Concert Hall, Sydney Opera House",Wed 22 October,8:00pm,No,No,Daniel Müller-Schott performs Tchaikovsky,"The enchanting worlds of Tchaikovsky, Stravinsky and Dukas are full of magic and mischief, and utterly captivating to experience firsthand. Bursting with character and charm, Tchaikovsky’s Rococo Variations dances with elegant rhythm, continually transforming across nine short movements. You’ll immediately hear why Daniel Müller-Schott is considered one of the world’s greatest cellists as he brings Tchaikovsky’s ‘cello concerto’ to life. The introduction of the cello after a brief interlude is hugely satisfying, and the final variation is a thrilling whirlwind of virtuoso playing. Dukas’ iconic The Sorcerer’s Apprentice is a dramatic voyage of colour, sound and motion, as an apprentice left alone recites a magic formula to bring a broom to life. What could go wrong? The low croaks of the bassoons as the brooms are animated will set your pulse racing. Brimming with atmosphere and vibrant colour, the music of Stravinsky’s Petrushka will captivate you. If you like your music with a dash of make-believe, this gorgeous concert is your ticket to dream. DUKAS The Sorcerer's Apprentice   TCHAIKOVSKY Variations on a Rococo Theme  STRAVINSKY Petrushka",https://www.sydneysymphony.com/concerts/daniel-muller-schott-performs-tchaikovsky
"Concert Hall, Sydney Opera House",Thu 23 October,1:30pm,No,No,Daniel Müller-Schott performs Tchaikovsky,"The enchanting worlds of Tchaikovsky, Stravinsky and Dukas are full of magic and mischief, and utterly captivating to experience firsthand. Bursting with character and charm, Tchaikovsky’s Rococo Variations dances with elegant rhythm, continually transforming across nine short movements. You’ll immediately hear why Daniel Müller-Schott is considered one of the world’s greatest cellists as he brings Tchaikovsky’s ‘cello concerto’ to life. The introduction of the cello after a brief interlude is hugely satisfying, and the final variation is a thrilling whirlwind of virtuoso playing. Dukas’ iconic The Sorcerer’s Apprentice is a dramatic voyage of colour, sound and motion, as an apprentice left alone recites a magic formula to bring a broom to life. What could go wrong? The low croaks of the bassoons as the brooms are animated will set your pulse racing. Brimming with atmosphere and vibrant colour, the music of Stravinsky’s Petrushka will captivate you. If you like your music with a dash of make-believe, this gorgeous concert is your ticket to dream. DUKAS The Sorcerer's Apprentice   TCHAIKOVSKY Variations on a Rococo Theme  STRAVINSKY Petrushka",https://www.sydneysymphony.com/concerts/daniel-muller-schott-performs-tchaikovsky
"Concert Hall, Sydney Opera House",Fri 24 October,8:00pm,No,No,Daniel Müller-Schott performs Tchaikovsky,"The enchanting worlds of Tchaikovsky, Stravinsky and Dukas are full of magic and mischief, and utterly captivating to experience firsthand. Bursting with character and charm, Tchaikovsky’s Rococo Variations dances with elegant rhythm, continually transforming across nine short movements. You’ll immediately hear why Daniel Müller-Schott is considered one of the world’s greatest cellists as he brings Tchaikovsky’s ‘cello concerto’ to life. The introduction of the cello after a brief interlude is hugely satisfying, and the final variation is a thrilling whirlwind of virtuoso playing. Dukas’ iconic The Sorcerer’s Apprentice is a dramatic voyage of colour, sound and motion, as an apprentice left alone recites a magic formula to bring a broom to life. What could go wrong? The low croaks of the bassoons as the brooms are animated will set your pulse racing. Brimming with atmosphere and vibrant colour, the music of Stravinsky’s Petrushka will captivate you. If you like your music with a dash of make-believe, this gorgeous concert is your ticket to dream. DUKAS The Sorcerer's Apprentice   TCHAIKOVSKY Variations on a Rococo Theme  STRAVINSKY Petrushka",https://www.sydneysymphony.com/concerts/daniel-muller-schott-performs-tchaikovsky
"Concert Hall, Sydney Opera House",Sat 25 October,8:00pm,No,No,Daniel Müller-Schott performs Tchaikovsky,"The enchanting worlds of Tchaikovsky, Stravinsky and Dukas are full of magic and mischief, and utterly captivating to experience firsthand. Bursting with character and charm, Tchaikovsky’s Rococo Variations dances with elegant rhythm, continually transforming across nine short movements. You’ll immediately hear why Daniel Müller-Schott is considered one of the world’s greatest cellists as he brings Tchaikovsky’s ‘cello concerto’ to life. The introduction of the cello after a brief interlude is hugely satisfying, and the final variation is a thrilling whirlwind of virtuoso playing. Dukas’ iconic The Sorcerer’s Apprentice is a dramatic voyage of colour, sound and motion, as an apprentice left alone recites a magic formula to bring a broom to life. What could go wrong? The low croaks of the bassoons as the brooms are animated will set your pulse racing. Brimming with atmosphere and vibrant colour, the music of Stravinsky’s Petrushka will captivate you. If you like your music with a dash of make-believe, this gorgeous concert is your ticket to dream. DUKAS The Sorcerer's Apprentice   TCHAIKOVSKY Variations on a Rococo Theme  STRAVINSKY Petrushka",https://www.sydneysymphony.com/concerts/daniel-muller-schott-performs-tchaikovsky
"Concert Hall, Sydney Opera House",Fri 31 October,11:00am,No,No,Mussorgsky’s Pictures at an Exhibition,"This concert is a celebration of everything stirring and sensuous in Romantic music, led by Chief Conductor Simone Young. She brings that interpretive brilliance to Pictures at an Exhibition, with its heart-stopping contrasts, vivid stories and dramatic scenes that the Romantics are famous for. Close your eyes and be transported to The Great Gate of Kyiv. Janáček’s Sinfonietta opens with twelve trumpets in an exciting fanfare, full of glowing pride. Dvořák’s Cello Concerto is arguably the greatest cello concerto of all, with beautiful melodies for the soloist to showcase their virtuosity. Deutsche Grammophon–signed cellist Kian Soltani makes his Sydney Symphony debut in an experience that will fire your imagination and fill your heart.",https://www.sydneysymphony.com/concerts/mussorgskys-pictures-at-an-exhibition-2025
"Concert Hall, Sydney Opera House",Sat 01 November,7:00pm,No,No,Mussorgsky’s Pictures at an Exhibition,"This concert is a celebration of everything stirring and sensuous in Romantic music, led by Chief Conductor Simone Young. She brings that interpretive brilliance to Pictures at an Exhibition, with its heart-stopping contrasts, vivid stories and dramatic scenes that the Romantics are famous for. Close your eyes and be transported to The Great Gate of Kyiv. Janáček’s Sinfonietta opens with twelve trumpets in an exciting fanfare, full of glowing pride. Dvořák’s Cello Concerto is arguably the greatest cello concerto of all, with beautiful melodies for the soloist to showcase their virtuosity. Deutsche Grammophon–signed cellist Kian Soltani makes his Sydney Symphony debut in an experience that will fire your imagination and fill your heart.",https://www.sydneysymphony.com/concerts/mussorgskys-pictures-at-an-exhibition-2025
"Concert Hall, Sydney Opera House",Sun 02 November,2:00pm,No,No,Mussorgsky’s Pictures at an Exhibition,"This concert is a celebration of everything stirring and sensuous in Romantic music, led by Chief Conductor Simone Young. She brings that interpretive brilliance to Pictures at an Exhibition, with its heart-stopping contrasts, vivid stories and dramatic scenes that the Romantics are famous for. Close your eyes and be transported to The Great Gate of Kyiv. Janáček’s Sinfonietta opens with twelve trumpets in an exciting fanfare, full of glowing pride. Dvořák’s Cello Concerto is arguably the greatest cello concerto of all, with beautiful melodies for the soloist to showcase their virtuosity. Deutsche Grammophon–signed cellist Kian Soltani makes his Sydney Symphony debut in an experience that will fire your imagination and fill your heart.",https://www.sydneysymphony.com/concerts/mussorgskys-pictures-at-an-exhibition-2025
"Concert Hall, Sydney Opera House",Thu 13 November,6:00pm,No,No,Simone Young conducts Siegfried,"Wagner’s Ring Cycle is one of the great achievements in Western art. And at its beating heart – packed with passion, violence, rage, betrayal and tragedy – sits the vast and sprawling legend of Siegfried. Whether you’re continuing the cycle or this is your first experience, Siegfried stands alone as a complete story that demands to be experienced live. An archetypal hero’s journey, this is a true epic, with every element of the human experience heightened and transposed into art. Chief Conductor Simone Young is one of the world’s greatest interpreters of Wagner, renowned for her precision and emotional depth, and is the first Australian conductor to ever lead a Ring Cycle at the Bayreuth Festival. She drags every ounce of drama off the page and delivers it in vivid colour with supreme artistry and balance. It’s been 25 years since the Ring Cycle was performed in Sydney; Siegfried’s agonising and triumphant quest, with its visceral soundworld, makes this instalment unmissable. In a pure musical experience, this epic story will be presented in concert, the full weight of the drama laid bare on stage. This grand-scale adventure is like nothing else, and will leave you transformed.",https://www.sydneysymphony.com/concerts/simone-young-conducts-siegfried
"Concert Hall, Sydney Opera House",Sun 16 November,2:00pm,No,No,Simone Young conducts Siegfried,"Wagner’s Ring Cycle is one of the great achievements in Western art. And at its beating heart – packed with passion, violence, rage, betrayal and tragedy – sits the vast and sprawling legend of Siegfried. Whether you’re continuing the cycle or this is your first experience, Siegfried stands alone as a complete story that demands to be experienced live. An archetypal hero’s journey, this is a true epic, with every element of the human experience heightened and transposed into art. Chief Conductor Simone Young is one of the world’s greatest interpreters of Wagner, renowned for her precision and emotional depth, and is the first Australian conductor to ever lead a Ring Cycle at the Bayreuth Festival. She drags every ounce of drama off the page and delivers it in vivid colour with supreme artistry and balance. It’s been 25 years since the Ring Cycle was performed in Sydney; Siegfried’s agonising and triumphant quest, with its visceral soundworld, makes this instalment unmissable. In a pure musical experience, this epic story will be presented in concert, the full weight of the drama laid bare on stage. This grand-scale adventure is like nothing else, and will leave you transformed.",https://www.sydneysymphony.com/concerts/simone-young-conducts-siegfried
"Concert Hall, Sydney Opera House",Wed 26 November,8:00pm,No,No,Beethoven’s Ninth Symphony with Simone Young,"The ‘Ode to Joy’, the finale of Beethoven’s irrepressible Ninth Symphony, is one of the most famous melodies ever written. It’s a special moment in music that makes us feel connected to each other, and for over 200 years it has engulfed us in its boundless energy. When you hear it live, the power of so many triumphant voices is astonishing. Demonstrating the continued power of Beethoven's profoundly human message, acclaimed First Nations composer William Barton has composed a new piece as a companion to this timeless symphony. Inspired by the themes in Beethoven’s work, Barton’s piece will provide a fresh, contemporary and uniquely Australian perspective. With ageless exuberance and exciting new music, this is a concert experience that will leave you glowing with life. What better way to conclude an extraordinary season of unforgettable music.",https://www.sydneysymphony.com/concerts/simone-young-conducts-beethovens-ninth-symphony
"Concert Hall, Sydney Opera House",Thu 27 November,1:30pm,No,No,Beethoven’s Ninth Symphony with Simone Young,"The ‘Ode to Joy’, the finale of Beethoven’s irrepressible Ninth Symphony, is one of the most famous melodies ever written. It’s a special moment in music that makes us feel connected to each other, and for over 200 years it has engulfed us in its boundless energy. When you hear it live, the power of so many triumphant voices is astonishing. Demonstrating the continued power of Beethoven's profoundly human message, acclaimed First Nations composer William Barton has composed a new piece as a companion to this timeless symphony. Inspired by the themes in Beethoven’s work, Barton’s piece will provide a fresh, contemporary and uniquely Australian perspective. With ageless exuberance and exciting new music, this is a concert experience that will leave you glowing with life. What better way to conclude an extraordinary season of unforgettable music.",https://www.sydneysymphony.com/concerts/simone-young-conducts-beethovens-ninth-symphony
"Concert Hall, Sydney Opera House",Fri 28 November,8:00pm,No,No,Beethoven’s Ninth Symphony with Simone Young,"The ‘Ode to Joy’, the finale of Beethoven’s irrepressible Ninth Symphony, is one of the most famous melodies ever written. It’s a special moment in music that makes us feel connected to each other, and for over 200 years it has engulfed us in its boundless energy. When you hear it live, the power of so many triumphant voices is astonishing. Demonstrating the continued power of Beethoven's profoundly human message, acclaimed First Nations composer William Barton has composed a new piece as a companion to this timeless symphony. Inspired by the themes in Beethoven’s work, Barton’s piece will provide a fresh, contemporary and uniquely Australian perspective. With ageless exuberance and exciting new music, this is a concert experience that will leave you glowing with life. What better way to conclude an extraordinary season of unforgettable music.",https://www.sydneysymphony.com/concerts/simone-young-conducts-beethovens-ninth-symphony
"Concert Hall, Sydney Opera House",Sat 29 November,8:00pm,No,No,Beethoven’s Ninth Symphony with Simone Young,"The ‘Ode to Joy’, the finale of Beethoven’s irrepressible Ninth Symphony, is one of the most famous melodies ever written. It’s a special moment in music that makes us feel connected to each other, and for over 200 years it has engulfed us in its boundless energy. When you hear it live, the power of so many triumphant voices is astonishing. Demonstrating the continued power of Beethoven's profoundly human message, acclaimed First Nations composer William Barton has composed a new piece as a companion to this timeless symphony. Inspired by the themes in Beethoven’s work, Barton’s piece will provide a fresh, contemporary and uniquely Australian perspective. With ageless exuberance and exciting new music, this is a concert experience that will leave you glowing with life. What better way to conclude an extraordinary season of unforgettable music.",https://www.sydneysymphony.com/concerts/simone-young-conducts-beethovens-ninth-symphony
